Time,Voltage,DeltaVoltage,NoiseStd,Temperature,Anomaly
0.03160810470581055,115,5,0.0,45,True
0.05891585350036621,120,5,2.5,45,True
0.08906769752502441,129,9,5.792715732327588,45,False
0.17954063415527344,135,6,7.75806032459145,45,True
0.28445982933044434,147,12,11.285388783732706,45,False
0.381988525390625,155,8,14.091959882618646,45,False
0.4847719669342041,163,8,16.636571467825984,45,False
0.5747811794281006,176,13,20.062402647738878,45,False
0.6890113353729248,183,7,22.798635436748793,45,False
0.7793784141540527,188,5,24.88151924621967,45,False
0.87788987159729,195,7,26.871595498371494,45,False
0.9802393913269043,208,13,29.59307351391538,45,False
1.0789899826049805,217,9,32.297800683546285,45,False
1.1792678833007812,222,5,34.53045092112651,45,False
1.293248176574707,226,4,36.35467263258221,45,False
1.374192476272583,100,-126,39.27144119777119,45,True
1.5033738613128662,105,5,40.83327566316573,45,False
1.5762524604797363,114,9,41.28760911782937,45,False
1.676482915878296,121,7,41.16704703731922,45,False
1.7770640850067139,127,6,40.72235258429945,45,False
1.8779118061065674,132,5,40.00159371825078,45,False
1.9934427738189697,139,7,39.30381660856869,45,False
2.085303783416748,146,7,38.824573403966724,45,False
2.1916444301605225,157,11,38.411554251292664,45,False
2.2791783809661865,169,12,38.3083215502846,45,False
2.3803038597106934,179,10,38.44122136457165,45,False
2.4795494079589844,190,11,38.876856868836505,45,False
2.580766439437866,195,5,39.370388618859224,45,False
2.6917724609375,205,10,40.139600147485275,45,False
2.786330223083496,217,12,41.38550470877455,45,False
2.895394802093506,229,12,43.11368692190451,45,False
2.987201690673828,240,11,45.04830740438535,45,False
3.087503671646118,100,-140,46.33818619669959,45,True
3.199172019958496,111,11,45.901960742434525,45,False
3.2990970611572266,122,11,43.99306763570824,45,False
3.3968985080718994,135,13,42.44322678590779,45,False
3.49452543258667,146,11,40.85963778596184,45,False
3.5925052165985107,155,9,39.57382341902284,45,False
3.6985485553741455,163,8,38.50879769611095,45,False
3.7977044582366943,175,12,37.68670189868039,45,False
3.906381368637085,187,12,37.16315379512347,45,False
3.9954771995544434,194,7,36.949797022446546,45,False
4.095319032669067,199,5,36.98026500716294,45,False
4.204936504364014,212,13,37.696518406876784,45,False
4.30295991897583,222,10,38.94303532083754,45,False
4.397207975387573,231,9,40.57141851106515,45,False
4.504377841949463,235,4,42.201036717123436,45,False
4.595444917678833,246,11,44.29853270707733,45,False
4.698702573776245,255,9,46.638074574321784,45,False
4.802619695663452,260,5,48.832647890525045,45,False
4.90519905090332,270,10,51.194628624495365,45,False
5.011315107345581,277,7,53.480720825359114,45,False
5.101788282394409,283,6,52.12475419606312,45,False
5.19989013671875,292,9,50.90822625077405,45,False
5.294207572937012,296,4,49.46946027601271,45,False
5.403592824935913,308,12,48.68069432536886,45,False
5.506501197814941,318,10,48.219187052458686,45,False
5.597441911697388,327,9,47.82520256099288,45,False
5.69693398475647,337,10,47.48747203210548,45,False
5.797770738601685,348,11,47.66474063707889,45,False
5.898010015487671,355,7,48.0071609241788,45,False
6.001130104064941,359,4,47.85655649960619,45,False
6.106536626815796,371,12,47.712576958282185,45,False
6.201437950134277,375,4,47.597137518972715,45,False
6.300095081329346,384,9,47.7161136305127,45,False
6.402122259140015,388,4,47.588443975402264,45,False
6.499398946762085,397,9,47.2039193288015,45,False
6.599490642547607,407,10,47.2337538207583,45,False
6.701197147369385,412,5,47.104776827833504,45,False
6.818468809127808,423,11,46.97049605869625,45,False
6.9078123569488525,436,13,47.41020459774457,45,False
7.015899181365967,440,4,47.37151042557119,45,False
7.113266229629517,450,10,47.28770981978298,45,False
7.21649694442749,461,11,47.48831435205929,45,False
7.32441258430481,473,12,47.576753777448914,45,False
7.414624452590942,485,12,48.24634701197594,45,False
7.51707124710083,496,11,49.20528426907013,45,False
7.605329275131226,510,14,50.6214134532018,45,False
7.707343578338623,522,12,52.33297239790608,45,False
7.8061439990997314,534,12,54.38097093653257,45,False
7.9227612018585205,100,-434,89.76595958379768,45,True
8.006758689880371,108,8,112.29621543044094,45,False
8.133861780166626,113,5,129.39207858288697,45,True
8.211087465286255,123,10,142.4092342511538,45,False
8.30816102027893,137,14,152.17124399833236,45,True
8.41936182975769,100,-37,163.09238946069803,45,True
8.51147198677063,114,14,171.03496718507594,45,True
8.63596248626709,100,-14,178.15843370438571,45,True
8.710960149765015,111,11,182.97803146826124,45,True
8.823057174682617,124,13,185.47945303995266,45,True
8.91956353187561,135,11,185.789558371831,45,True
9.025906085968018,150,15,184.18661732058604,45,True
9.125282049179077,163,13,180.53738532503453,45,False
9.214470863342285,177,14,174.68911671881565,45,False
9.324113130569458,188,11,166.4282127525258,45,False
9.422212600708008,200,12,155.34570319130168,45,False
9.52311897277832,211,11,140.8779613708262,45,False
9.627521514892578,215,4,121.31482803021237,45,False
9.728969097137451,224,9,93.70767044377958,45,False
9.829789638519287,100,-124,42.095456999538555,45,True
9.937344551086426,112,12,41.53658026366639,45,False
10.04267144203186,124,12,40.961536836403,45,False
10.127137184143066,136,12,40.33559222324621,45,False
10.21967101097107,148,12,39.951814727243615,45,False
10.333930015563965,154,6,39.879944834465356,45,False
10.441635370254517,162,8,38.30587422315278,45,False
10.530081748962402,173,11,37.49836663109475,45,False
10.635003328323364,187,14,35.83448060178911,45,False
10.72203540802002,199,12,34.976992437886935,45,False
10.830411195755005,209,10,35.010391314579735,45,False
10.933298110961914,223,14,36.05672614090192,45,False
11.037179946899414,228,5,37.57163158554603,45,False
11.13448977470398,242,14,40.00299988750844,45,False
11.241723537445068,247,5,42.51811378694967,45,False
11.328320741653442,254,7,45.17122978179806,45,False
11.441080570220947,262,8,47.97030331361268,45,False
11.526260614395142,272,10,51.019089564593365,45,False
11.636664867401123,278,6,54.0981515395859,45,False
11.72663688659668,291,13,57.6432780122713,45,False
11.845290422439575,296,5,56.44933569139676,45,False
11.930250644683838,300,4,55.00715862503716,45,False
12.028968095779419,308,8,53.678184581820574,45,False
12.147816896438599,314,6,52.351957938552786,45,False
12.236577272415161,324,10,51.37633209951835,45,False
12.338089227676392,335,11,50.276833631405225,45,False
12.447091579437256,348,13,49.37155051241555,45,False
12.540947675704956,355,7,48.43180773004452,45,False
12.640466690063477,369,14,48.403615567434635,45,False
12.743416547775269,382,13,49.0094633718836,45,False
12.839457511901855,387,5,49.31721301939111,45,False
12.94456171989441,391,4,49.665153780090115,45,False
13.045285940170288,403,12,50.01189858423693,45,False
13.14850926399231,408,5,50.49910890302917,45,False
13.25034475326538,416,8,50.67866908276104,45,False
13.33949327468872,425,9,50.77558468397976,45,False
13.446801900863647,438,13,51.18984274248164,45,False
13.54810881614685,448,10,51.80501906186311,45,False
13.637388706207275,462,14,52.61558704414501,45,False
13.74410891532898,468,6,53.46239332465392,45,False
13.848321914672852,475,7,53.82527287436637,45,False
13.947502613067627,486,11,53.92021884228587,45,False
14.04604983329773,491,5,53.54985994379444,45,False
14.15229868888855,495,4,52.47866233051296,45,False
14.252306699752808,508,13,51.79044313384468,45,False
14.354361772537231,522,14,51.668438141674066,45,False
14.451326847076416,532,10,51.9436954788548,45,False
14.543442726135254,537,5,51.66263156286176,45,False
14.654799222946167,544,7,51.658397187678986,45,False
14.748890399932861,549,5,51.7270480503189,45,False
14.85032844543457,556,7,51.40340455650773,45,False
14.949800491333008,569,13,51.02979521808803,45,False
15.056017875671387,574,5,50.63030219147423,45,False
15.166975021362305,579,5,49.619653364367636,45,False
15.249693632125854,593,14,48.96884213456553,45,False
15.3560049533844,600,7,48.171672173591816,45,False
15.462453126907349,614,14,48.22644502759871,45,False
15.557949781417847,620,6,48.1550620392083,45,False
15.656208038330078,630,10,48.69281261130846,45,False
15.75446081161499,642,12,49.32301693935601,45,False
15.864768505096436,653,11,49.99509975987647,45,False
15.959975957870483,657,4,50.42506817050424,45,False
16.057410955429077,663,6,50.33117820993266,45,False
16.158658981323242,673,10,49.92281542541446,45,False
16.261627674102783,680,7,49.74160733229275,45,False
16.35943341255188,693,13,50.40327370320305,45,False
16.463897705078125,700,7,51.04909401742601,45,False
16.56561279296875,709,9,51.451822125168704,45,False
16.666595220565796,721,12,51.99507188186204,45,False
16.756941318511963,734,13,52.548073228235495,45,False
16.854196310043335,745,11,53.04476882784956,45,False
16.95464277267456,759,14,54.24894008181173,45,False
17.05457353591919,770,11,55.17143735666128,45,False
17.16560173034668,784,14,56.024101956211666,45,False
17.263540983200073,790,6,56.82277272361848,45,False
17.365928173065186,800,10,57.374449888430306,45,False
17.457388401031494,812,12,58.43447184667626,45,False
17.557982444763184,815,3,58.58028678659742,45,False
17.670021772384644,823,8,58.60910765401568,45,False
17.77098822593689,827,4,58.40753376063742,45,False
17.870646238327026,841,14,58.712519959545254,45,False
17.964510679244995,853,12,58.76257312269435,45,False
18.07357382774353,861,8,58.331380919707364,45,False
18.1717529296875,872,11,57.99351256821749,45,False
18.26716113090515,878,6,57.0642401158554,45,False
18.369324922561646,890,12,56.58321305829142,45,False
18.46980619430542,899,9,55.7550670343064,45,False
18.581084728240967,906,7,54.58113227114293,45,False
18.661721229553223,915,9,53.531392658887555,45,False
18.78301763534546,922,7,52.57461364575113,45,False
18.87640905380249,928,6,51.488712355233744,45,False
18.96298313140869,933,5,50.53362741778983,45,False
19.08082866668701,938,5,49.50078282209282,45,False
19.19851541519165,944,6,48.79269924896552,45,False
19.273050546646118,948,4,47.596087024040116,45,False
19.374500036239624,961,13,46.953274646184155,45,False
19.472013473510742,968,7,46.586371397652336,45,False
19.57168221473694,979,11,46.01966970763697,45,False
19.678546667099,990,11,45.65991130083369,45,False
19.7829692363739,1002,12,45.1734435260364,45,False
19.882224798202515,1016,14,45.69822206607167,45,False
19.969822883605957,1022,6,46.272454008837705,45,False
20.087641954421997,1031,9,46.84751861091471,45,False
20.1812961101532,1037,6,47.42074967775183,45,False
20.286635160446167,1048,11,48.026320908435196,45,False
20.385222673416138,1053,5,48.629209329373225,45,False
20.476788759231567,100,-953,196.26906913724332,45,True
20.58783531188965,100,0,267.355358091062,45,True
20.68244504928589,114,14,316.3741613975452,45,True
20.777782678604126,100,-14,355.5403493276115,45,True
20.883653163909912,108,8,385.64379937968664,45,True
20.98758053779602,121,13,408.37715411124555,45,True
21.07783603668213,132,11,425.1872646258352,45,True
21.1848406791687,138,6,437.1095286081053,45,True
21.286518573760986,148,10,444.4060530640869,45,True
21.383175134658813,155,7,447.140794381367,45,True
21.492427110671997,168,13,445.3570365448378,45,True
21.592190980911255,179,11,438.94292339665304,45,True
21.682397603988647,193,14,427.6001490879067,45,True
21.787755727767944,207,14,410.90138719649025,45,True
21.897836446762085,220,13,388.04601531261727,45,True
21.985163688659668,232,12,358.62760629934775,45,True
22.09575366973877,244,12,320.6277085655574,45,True
22.18515396118164,258,14,270.9687989418708,45,True
22.297361373901367,261,3,200.28067180834,45,True
22.390500783920288,268,7,57.69930675493424,45,False
22.498397827148438,282,14,59.88939806009073,45,False
22.59562373161316,293,11,61.5227396984237,45,False
22.694143533706665,302,9,63.36676968253945,45,False
22.80666494369507,307,5,63.018727375281074,45,False
22.894981145858765,311,4,61.98344537051808,45,False
22.994079113006592,317,6,60.890783374826114,45,False
23.084060192108154,327,10,59.90200330539873,45,False
23.192210912704468,339,12,58.71156189371903,45,False
23.293689250946045,343,4,57.03954768404111,45,False
23.392199516296387,350,7,54.830169614911824,45,False
23.492911338806152,359,9,52.82082922484273,45,False
23.59665012359619,363,4,50.469396667683675,45,False
23.70407009124756,100,-263,62.03972517669626,45,True
23.802231073379517,108,8,71.26191128506167,45,False
23.89657211303711,120,12,78.39170874524933,45,False
23.99226403236389,127,7,84.33295619151508,45,False
24.09742259979248,136,9,89.08169003785234,45,False
24.212181091308594,146,10,92.70138887848444,45,False
24.29935574531555,152,6,95.52303387141762,45,False
24.402201652526855,160,8,97.52584272899158,45,False
24.508804321289062,169,9,98.60754281493885,45,False
24.601593255996704,183,14,98.64657875466335,45,False
24.703843355178833,197,14,97.78195129981812,45,False
24.809614896774292,203,6,96.34080132529519,45,False
24.89620327949524,206,3,94.37948664831781,45,False
25.010721683502197,216,10,91.7325460237532,45,False
25.104645013809204,224,8,88.1319890845543,45,False
25.198971033096313,230,6,83.22283340526204,45,False
25.298155546188354,242,12,77.54190802398404,45,False
25.396105766296387,252,10,70.67197110594836,45,False
25.498764276504517,266,14,62.26475728692757,45,False
25.60201406478882,271,5,51.839560183319456,45,False
25.698537349700928,280,9,51.856918535524265,45,False
25.8057918548584,290,10,51.865691935999465,45,False
25.903691291809082,298,8,52.04555696694965,45,False
26.00289750099182,308,10,52.145445630467094,45,False
26.099347352981567,314,6,51.991609900059835,45,False
26.203699588775635,324,10,52.02583492842763,45,False
26.301016807556152,328,4,51.404741999158006,45,False
26.405497789382935,340,12,50.95632934189824,45,False
26.49984622001648,345,5,50.18194396393986,45,False
26.60661292076111,352,7,49.74645716028429,45,False
26.705695629119873,364,12,50.085202405500965,45,False
26.801807641983032,375,11,50.43597426440774,45,False
26.900372743606567,384,9,50.31229968904224,45,False
27.003196239471436,398,14,50.726595588507614,45,False
27.107123136520386,406,8,50.94141242643357,45,False
27.20848321914673,418,12,51.116411259007606,45,False
27.301313161849976,423,5,51.15623129199414,45,False
27.40681791305542,428,5,50.9493866498901,45,False
27.503031015396118,441,13,51.55121240087375,45,False
27.608399629592896,456,15,52.35685246460104,45,False
27.7161386013031,468,12,53.37040378337043,45,False
27.81917119026184,472,4,53.95544458161753,45,False
27.910414934158325,486,14,54.85389685336858,45,False
28.007548809051514,490,4,55.341123949554905,45,False
28.104000568389893,493,3,55.08581940935435,45,False
28.218496084213257,500,7,54.773419648585026,45,False
28.30718970298767,511,11,54.19824720413013,45,False
28.405104160308838,514,3,53.41404309729793,45,False
28.512689113616943,522,8,52.22018287980232,45,False
28.614760637283325,525,3,50.38660536293351,45,False
28.728379011154175,529,4,48.49688134303071,45,False
28.809608459472656,538,9,46.86885959781825,45,False
28.9174907207489,547,9,45.335278757276875,45,False
29.015121936798096,556,9,44.41989981978798,45,False
29.112610578536987,561,5,43.26649974287266,45,False
29.216833114624023,574,13,42.940773164907036,45,False
29.306171655654907,587,13,42.787731886605066,45,False
29.42012357711792,597,10,42.46560372819395,45,False
29.535528659820557,602,5,42.299408979322635,45,False
29.62424111366272,617,15,43.44015999049727,45,False
29.72342801094055,628,11,45.16467092761775,45,False
29.823370456695557,633,5,46.22607489285674,45,False
29.921159029006958,639,6,47.55972560896457,45,False
30.013585090637207,643,4,48.28208777590298,45,False
30.113900661468506,648,5,48.41433155585234,45,False
30.215599298477173,658,10,48.65847819239726,45,False
30.322919130325317,664,6,49.0070403105513,45,False
30.427890062332153,673,9,49.075936058316806,45,False
30.53015398979187,684,11,49.38853611922508,45,False
30.633270740509033,688,4,48.936795971947326,45,False
30.72285008430481,701,13,48.47772684439731,45,False
30.827513694763184,715,14,48.50966398564311,45,False
30.928308963775635,728,13,48.92300072563007,45,False
31.03031587600708,738,10,49.41345970482132,45,False
31.122817516326904,745,7,49.32027980455909,45,False
31.228147745132446,752,7,49.401416983726286,45,False
31.3287136554718,755,3,49.367398148980875,45,False
31.42539119720459,760,5,49.20617339318309,45,False
31.529547691345215,773,13,49.14966937833865,45,False
31.63727045059204,777,4,49.29594303794177,45,False
31.726413249969482,790,13,50.08652513401184,45,False
31.832327127456665,795,5,50.368740305868286,45,False
31.921433448791504,809,14,50.9476201603176,45,False
32.02969694137573,823,14,51.59709294136638,45,False
32.13736391067505,827,4,51.46248633713688,45,False
32.2249481678009,838,11,51.593483115602886,45,False
32.324655055999756,853,15,51.96306380497593,45,False
32.43177771568298,865,12,52.51437898328418,45,False
32.53440809249878,870,5,52.78816155162064,45,False
32.63972997665405,873,3,52.04255470285831,45,False
32.732099771499634,888,15,52.127823664526794,45,False
32.82769227027893,896,8,52.52130520084207,45,False
32.92733335494995,899,3,52.760875656114735,45,False
33.0322265625,907,8,53.076242331197484,45,False
33.130098819732666,914,7,53.15975921691143,45,False
33.25009632110596,929,15,53.63625173331932,45,False
33.33803677558899,937,8,53.534358126347236,45,False
33.4281268119812,945,8,52.965460443575864,45,False
33.54087209701538,951,6,52.484378628311866,45,False
33.648475646972656,955,4,51.153299013846606,45,False
33.74082636833191,964,9,50.20049800549791,45,False
33.84606432914734,973,9,48.88005728310882,45,False
33.956005811691284,981,8,47.97436815633949,45,False
34.04507493972778,990,9,47.61184201435605,45,False
34.15120553970337,1002,12,47.12695619282026,45,False
34.25051760673523,1007,5,46.54511252537692,45,False
34.34519720077515,1012,5,46.30107990101311,45,False
34.449291944503784,1025,13,46.83364175461908,45,False
34.54843878746033,1034,9,47.182517948918324,45,False
34.650896310806274,1038,4,46.70361335057492,45,False
34.749300479888916,1053,15,47.40928179164919,45,False
34.85275173187256,1059,6,47.89245765253648,45,False
34.94645071029663,1068,9,47.98499765551729,45,False
35.054686069488525,1081,13,48.427161799965106,45,False
35.151448488235474,1087,6,48.47625707498466,45,False
35.24191689491272,1093,6,48.87215464863402,45,False
35.36003494262695,1106,13,49.648363517844174,45,False
35.443219900131226,1113,7,50.25375607852611,45,False
35.54583692550659,1118,5,50.37407567390194,45,False
35.65386366844177,1133,15,50.65597200725695,45,False
35.746278047561646,1144,11,51.124627138004634,45,False
35.85747218132019,1155,11,51.76144800911195,45,False
35.95706915855408,1169,14,52.72406945598946,45,False
36.05874419212341,1173,4,53.16906995613145,45,False
36.15381217002869,1177,4,53.4358259971716,45,False
36.24597930908203,1185,8,53.31911008259609,45,False
36.36640763282776,1195,10,52.93590463947886,45,False
36.45959734916687,1207,12,53.13322877446843,45,False
36.560274839401245,1216,9,53.3127564472144,45,False
36.66221237182617,1222,6,52.77508882038949,45,False
36.758758544921875,1232,10,52.8301760360497,45,False
36.8647894859314,1242,10,52.704459014394594,45,False
36.957472801208496,1250,8,52.47084904973427,45,False
37.06044340133667,1257,7,52.42051125275296,45,False
37.16165471076965,1269,12,52.377094230207156,45,False
37.266067028045654,1274,5,51.71196670017492,45,False
37.366904735565186,1285,11,51.56898292578592,45,False
37.46196365356445,1287,2,50.69270164431957,45,False
37.5501446723938,1298,11,49.6160256368847,45,False
37.668381690979004,1304,6,48.873791545162526,45,False
37.76356554031372,1318,14,48.80253579477198,45,False
37.86684513092041,1321,3,48.47831989663008,45,True
37.95489549636841,1329,8,48.634838336320186,45,False
38.07585024833679,1340,11,48.68202953862954,45,False
38.16789102554321,1346,6,48.13655056191708,45,False
38.26228094100952,1357,11,47.75089004406096,45,False
38.37379479408264,1365,8,47.44731288492532,45,False
38.46487069129944,100,-1265,263.05862464477383,45,True
38.56945610046387,112,12,358.7554041404812,45,True
38.66502046585083,119,7,425.85723840273045,45,True
38.77699303627014,124,5,476.7457682035573,45,True
38.864978075027466,138,14,515.3861925779541,45,True
38.971179246902466,144,6,545.1090968787809,45,True
39.06995391845703,156,12,566.9230194656061,45,True
39.163506507873535,160,4,582.0836086852128,45,True
39.28525352478027,168,8,591.0587513098847,45,True
39.36660552024841,175,7,593.9438083691083,45,True
39.47191596031189,186,11,591.0659015710515,45,True
39.5726580619812,200,14,581.849714273368,45,True
39.667731285095215,210,10,566.4877227266271,45,True
39.77418231964111,220,10,543.937910059595,45,True
39.876659870147705,230,10,514.1094703465401,45,True
39.97990345954895,238,8,475.3150954892975,45,True
40.08032703399658,250,12,424.71024240062775,45,True
40.170992612838745,261,11,358.07838178253655,45,True
40.290645599365234,267,6,262.6170738927688,45,True
40.38170385360718,276,9,53.960263157253046,45,False
40.47939419746399,283,7,53.99840275415561,45,False
40.58078861236572,100,-183,54.98442961420987,45,True
40.675405502319336,108,8,55.79345839791615,45,False
40.78277111053467,122,14,55.92173101755703,45,False
40.88437604904175,134,12,56.13056208519562,45,False
40.98795199394226,150,16,55.87584451263354,45,False
41.08049249649048,162,12,55.68303152666888,45,False
41.174885272979736,169,7,55.43417267354136,45,False
41.27913475036621,179,10,55.21322305390259,45,False
41.397807359695435,185,6,55.065869647178005,45,False
41.48214650154114,199,14,55.01479346503084,45,False
41.58225393295288,212,13,55.107962219628476,45,False
41.67175841331482,222,10,55.30305145288097,45,False
41.78187084197998,232,10,55.59898830014805,45,False
41.88274049758911,234,2,55.71738956555664,45,False
41.98794484138489,236,2,55.649326141472734,45,False
42.08304238319397,248,12,55.55940514440377,45,False
42.1760790348053,253,5,55.13843940482901,45,False
42.294251680374146,260,7,54.72348673101888,45,False
42.39615225791931,269,9,54.24506890031572,45,False
42.4903678894043,284,15,54.323935792613554,45,False
42.584519386291504,286,2,52.66364970261746,45,False
42.69009590148926,289,3,50.3397208971206,45,False
42.78896355628967,300,11,48.59452129612967,45,False
42.88947582244873,303,3,46.66519045284183,45,False
42.99328827857971,312,9,45.49626358284821,45,False
43.090986013412476,320,8,44.6815398123207,45,False
43.19081258773804,325,5,43.53205715332093,45,False
43.29418110847473,336,11,42.83675407871142,45,False
43.4022741317749,351,15,42.564627333033236,45,False
43.49867057800293,364,13,43.2996535782909,45,False
43.59316802024841,377,13,44.90375819460994,45,False
43.69848370552063,383,6,46.38954623619421,45,False
43.78796720504761,387,4,47.630111274276906,45,False
43.89345169067383,401,14,48.92300072563007,45,False
43.98651885986328,409,8,49.62083735690078,45,False
44.09326648712158,424,15,51.14907135031876,45,False
44.205397605895996,427,3,51.8249698504495,45,False
44.28691577911377,436,9,52.37392003659837,45,False
44.38708448410034,443,7,52.78756955950899,45,False
44.488794565200806,450,7,53.56797084079254,45,False
44.588329553604126,456,6,53.66309253108695,45,False
44.693084955215454,471,15,53.79858269508593,45,False
44.79165863990784,482,11,54.25336395100307,45,False
44.8944616317749,485,3,53.68004750370477,45,False
44.996384382247925,487,2,52.555779891463885,45,False
45.10187101364136,491,4,50.99105313680038,45,False
45.19859838485718,495,4,48.688679382378,45,False
45.295571088790894,506,11,46.72887223120198,45,False
45.39651870727539,508,2,44.89977728229841,45,False
45.51518750190735,521,13,43.92320002003497,45,False
45.601118087768555,535,14,43.941182278131755,45,False
45.69545793533325,543,8,43.78615648809564,45,False
45.793121576309204,553,10,43.40538561054377,45,False
45.90366077423096,558,5,43.30127018922193,45,False
46.003761768341064,565,7,43.13884560346973,45,False
46.10462951660156,575,10,43.82040050022364,45,False
46.20469856262207,580,5,43.87710108929258,45,False
46.304372787475586,595,15,44.68945625088764,45,False
46.404232025146484,609,14,45.95310109230932,45,False
46.51766896247864,613,4,46.68768574260241,45,False
46.60397982597351,624,11,47.4727290136137,45,False
46.70981216430664,632,8,48.75682003576525,45,False
46.79828119277954,645,13,50.654713502299074,45,False
46.897146701812744,648,3,51.678114323183266,45,False
46.997822761535645,654,6,52.02835765234186,45,False
47.097153186798096,661,7,51.90568369648935,45,False
47.217698097229004,666,5,51.11308540872875,45,False
47.30143857002258,679,13,50.87985849036925,45,False
47.40318965911865,693,14,50.4554010983958,45,False
47.500834465026855,707,14,50.804404336632075,45,False
47.601985692977905,719,12,51.81744397401323,45,False
47.71363806724548,723,4,52.258468213295345,45,False
47.819732904434204,730,7,52.61710748416336,45,False
47.906684160232544,734,4,52.2478707700132,45,False
48.010520219802856,744,10,51.80489841704161,45,False
48.11678886413574,752,8,51.3803464371349,45,False
48.20364737510681,756,4,50.20219118723803,45,False
48.31306314468384,763,7,49.46048928185001,45,False
48.41100597381592,765,2,48.745666474056954,45,False
48.52695822715759,780,15,48.21605023226187,45,False
48.61299276351929,786,6,47.743350322322385,45,False
48.71821117401123,798,12,47.56918645509928,45,False
48.82108449935913,804,6,47.63181709739825,45,False
48.92211580276489,100,-704,144.64684580038377,45,True
49.01807260513306,103,3,194.72269384948433,45,True
49.128185749053955,112,9,230.00110869298,45,True
49.211756467819214,120,8,256.81246075687216,45,True
49.33115911483765,123,3,277.9698544806613,45,True
49.420493841171265,134,11,293.9148303505626,45,True
49.522032737731934,141,7,305.6675113583385,45,True
49.62703466415405,158,17,313.08626606735726,45,True
49.71949243545532,168,10,317.218138668015,45,True
49.82667350769043,180,12,318.0665771501306,45,True
49.91317343711853,189,9,315.99724682344936,45,True
50.0199499130249,202,13,310.5691710392389,45,True
50.128702878952026,212,10,301.85759887735145,45,True
50.21479058265686,220,8,289.9291120256812,45,True
50.32971453666687,236,16,274.0652249009348,45,True
50.43137979507446,247,11,254.21925084462038,45,True
50.52638125419617,260,13,228.0903932654771,45,True
50.61762499809265,265,5,194.30990710717762,45,True
50.71908974647522,271,6,146.51992185365103,45,False
50.83175253868103,282,11,59.34414461427513,45,False
50.92539978027344,294,12,60.3168923271085,45,False
51.02392935752869,310,16,61.24916325959074,45,False
51.13395428657532,314,4,61.53706200331634,45,False
51.22736716270447,324,10,61.636434030531,45,False
51.33204197883606,339,15,61.4785328387072,45,False
51.42111086845398,354,15,61.69286830744701,45,False
51.52775025367737,367,13,61.702025898668836,45,False
51.6385281085968,383,16,62.65642425162802,45,False
51.72375130653381,387,4,62.8614349183981,45,False
51.827959299087524,396,9,62.998730145932306,45,False
51.92506194114685,398,2,62.2771828200345,45,False
52.02895784378052,404,6,61.444507484396034,45,False
52.12674641609192,417,13,60.81151206802869,45,False
52.22877621650696,424,7,59.711305462198695,45,False
52.348063707351685,440,16,59.59161014773809,45,False
52.425020694732666,446,6,59.21053538011626,45,False
52.56931281089783,448,2,58.4998076919916,45,False
52.663084983825684,458,10,57.42177287405884,45,False
52.73089385032654,461,3,55.47801366307196,45,False
52.82817268371582,474,13,53.88033036275855,45,False
52.92653489112854,487,13,52.75364916287783,45,False
53.03541350364685,492,5,51.86643905262824,45,False
53.13046383857727,498,6,50.19887946956585,45,False
53.2323272228241,512,14,48.956996435647476,45,False
53.34525012969971,514,2,47.66655011640763,45,False
53.43584132194519,100,-414,86.43037660452488,45,True
53.54384779930115,117,17,109.07089437608917,45,True
53.63047552108765,123,6,126.0248388215593,45,False
53.73770356178284,135,12,138.64075879769268,45,False
53.83835792541504,139,4,148.76971297949055,45,True
53.93551063537598,148,9,156.55646744864933,45,False
54.03061604499817,161,13,162.14348583893218,45,False
54.1441605091095,166,5,166.11389917764257,45,False
54.23106622695923,170,4,168.67823659263217,45,False
54.34845018386841,184,14,169.13671245474768,45,False
54.438679456710815,197,13,167.94927805739445,45,False
54.54331421852112,205,8,165.51721209590258,45,False
54.6381573677063,208,3,161.52692500013737,45,False
54.735586166381836,219,11,156.07897840516512,45,False
54.83499574661255,222,3,148.4790473433878,45,False
54.951993227005005,234,12,138.15411684057773,45,False
55.038670778274536,238,4,125.2164126622385,45,False
55.13786768913269,244,6,108.61289057934145,45,False
55.25301480293274,256,12,84.99764702625598,45,False
55.349132776260376,271,15,48.73322788406284,45,False
55.443294286727905,287,16,49.11069130036758,45,False
55.552998065948486,292,5,49.80509512088095,45,False
55.66831874847412,297,5,49.92722203367618,45,False
55.750739336013794,310,13,50.705423773004796,45,False
55.836530685424805,319,9,51.07680491181883,45,False
55.97441530227661,321,2,50.86892469868023,45,False
56.040156841278076,330,9,51.072007988721175,45,False
56.14479660987854,333,3,50.55024727931605,45,False
56.24231243133545,336,3,49.219178172740754,45,False
56.370752811431885,352,16,48.98823838433058,45,False
56.45223069190979,365,13,49.54238084710908,45,False
56.546616077423096,377,12,50.36017772009944,45,False
56.643616914749146,382,5,50.37745031261507,45,False
56.74661731719971,387,5,50.302360779589655,45,False
56.84132480621338,393,6,49.54452542915312,45,False
56.964972734451294,405,12,49.375981002912745,45,False
57.0528302192688,411,6,48.56789062745056,45,False
57.168071031570435,422,11,47.67085063222598,45,False
57.24697136878967,436,14,47.51957491392363,45,False
57.35355281829834,446,10,48.036938911633406,45,False
57.468689918518066,449,3,48.690117067018846,45,False
57.56364440917969,458,9,49.148219703260864,45,False
57.668288230895996,463,5,49.046788885716055,45,False
57.762004137039185,471,8,49.32909891737331,45,False
57.8582878112793,481,10,49.84365556417386,45,False
57.96110987663269,497,16,50.49267273575444,45,False
58.0573890209198,507,10,51.253755959929414,45,False
58.17318367958069,517,10,51.58476034644341,45,False
58.25086975097656,522,5,50.96810277026211,45,False
58.3650598526001,524,2,50.39967757833377,45,False
58.46106004714966,525,1,49.656092274765236,45,False
58.5676589012146,531,6,49.11036041407149,45,False
58.66700458526611,544,13,48.71290896672051,45,False
58.76129627227783,550,6,47.86480962042992,45,False
58.86479115486145,555,5,46.55222873289741,45,False
58.964375019073486,567,12,45.89509777743152,45,False
59.05604815483093,572,5,44.77194992403168,45,False
59.15938639640808,582,10,44.07865129515648,45,False
59.27401399612427,586,4,43.63401769262143,45,False
59.36933517456055,595,9,43.535732450482556,45,False
59.48171329498291,598,3,42.66717122097503,45,False
59.56093955039978,614,16,42.63974085287105,45,False
59.6601459980011,616,2,41.847461093834596,45,False
59.75997614860535,628,12,41.446923890682164,45,False
59.86157464981079,637,9,41.362150572715635,45,False
59.962722301483154,653,16,42.79868572748467,45,False
60.05956721305847,663,10,44.575189287315425,45,False
60.163867235183716,666,3,46.02651409785451,45,False
60.26065754890442,671,5,47.04707748627963,45,False
60.36187291145325,686,15,48.253989472374194,45,False
60.474169969558716,693,7,48.74758968400387,45,False
60.56741905212402,708,15,49.59798382999051,45,False
60.67654824256897,722,14,51.24831704553818,45,False
60.77059316635132,726,4,52.18419300899459,45,False
60.88122582435608,735,9,52.80142043543905,45,False
60.9704852104187,749,14,54.08696700684926,45,False
61.07448410987854,752,3,54.5013761294153,45,False
61.173134088516235,759,7,54.837282026008545,45,False
61.26464891433716,764,5,54.46271660503174,45,False
61.37445569038391,100,-664,137.47363383572866,45,True
61.464237213134766,116,16,181.0474799603684,45,True
61.57007431983948,122,6,212.61728528038356,45,True
61.676624059677124,136,14,236.17897874281698,45,True
61.787944078445435,150,14,254.0563716973066,45,True
61.86843967437744,166,16,267.3466429562937,45,True
61.976706743240356,176,10,277.02256225802256,45,True
62.09216856956482,183,7,283.699665139034,45,True
62.185110569000244,200,17,287.31900389636604,45,True
62.27311730384827,214,14,288.25392885440436,45,True
62.37770366668701,218,4,286.55636007598923,45,True
62.47216725349426,232,14,282.1323093869258,45,True
62.577516317367554,233,1,274.7996133548954,45,True
62.685357332229614,247,14,263.8899202319028,45,True
62.78494191169739,250,3,249.90056022346172,45,True
62.874364614486694,259,9,231.7356468047158,45,True
62.97304558753967,274,15,207.7326346532966,45,True
63.07561802864075,276,2,177.00674422179512,45,True
63.17474031448364,291,15,134.49657058824957,45,True
63.27651810646057,302,11,59.77698135570246,45,False
63.39750289916992,316,14,58.93087051792126,45,False
63.48092436790466,323,7,58.272978300409534,45,False
63.59197759628296,337,14,57.478930922556316,45,False
63.690842151641846,349,12,57.11182014259395,45,False
63.79125237464905,363,14,57.36765203492296,45,False
63.88237977027893,378,15,58.51108869265722,45,False
63.99042296409607,393,15,59.98074691098803,45,False
64.09425687789917,396,3,60.38333793357238,45,False
64.18598318099976,407,11,61.365218161430825,45,False
64.28519058227539,413,6,62.270599001454926,45,False
64.37841534614563,415,2,62.06859109082467,45,False
64.4802258014679,422,7,61.99967741851565,45,False
64.58204436302185,427,5,60.88669805466544,45,False
64.69056177139282,431,4,59.74269829862056,45,False
64.79098176956177,437,6,57.78968333534974,45,False
64.8936493396759,452,15,56.13367972973089,45,False
64.99259662628174,458,6,54.68921283031966,45,False
65.08375096321106,467,9,52.44737839015407,45,False
65.18647861480713,483,16,51.21569583633517,45,False
65.28401923179626,498,15,50.57061894025028,45,False
65.38751816749573,511,13,50.64286721740782,45,False
65.48550772666931,525,14,50.83197812401166,45,False
65.59192705154419,533,8,51.216110746521935,45,False
65.68427276611328,543,10,51.82798471868263,45,False
65.79150629043579,559,16,53.41104754636441,45,False
65.8873405456543,573,14,55.77299974001757,45,False
66.00050234794617,586,13,58.72699549610895,45,False
66.09649538993835,587,1,60.319379141367165,45,False
66.19872117042542,599,12,62.17674404469891,45,False
66.29186511039734,603,4,63.28228425080751,45,False
66.3892674446106,604,1,63.181405492439,45,False
66.48824715614319,607,3,62.44139252130753,45,False
66.61032199859619,613,6,61.11667121170786,45,False
66.69707417488098,622,9,59.25622330186088,45,False
66.80667614936829,637,15,57.369852710286786,45,False
66.89665198326111,639,2,55.350045167099914,45,False
66.99338746070862,643,4,52.524660874678666,45,False
67.09278750419617,649,6,49.27991477265357,45,False
67.20028042793274,662,13,46.921503599096226,45,False
67.29333448410034,672,10,45.22198027508304,45,False
67.39721417427063,680,8,43.88006381034558,45,False
67.50693082809448,697,17,43.86046055389751,45,False
67.60744738578796,702,5,43.44913693043856,45,False
67.70366311073303,709,7,43.06538633287759,45,False
67.81075429916382,712,3,42.98092600212331,45,False
67.90026688575745,713,1,42.932039317973235,45,False
68.00354886054993,723,10,43.608800717286414,45,False
68.09655451774597,729,6,43.73885572348687,45,False
68.20827579498291,741,12,44.65453504404676,45,False
68.29781246185303,756,15,45.97553697348189,45,False
68.40583395957947,764,8,46.7520053045856,45,False
68.49806380271912,773,9,47.1673615967652,45,False
68.60402393341064,790,17,48.14693655882999,45,False
68.7052366733551,806,16,49.79083751052998,45,False
68.81212401390076,812,6,51.56491054971394,45,False
68.90737771987915,814,2,52.159634776328716,45,False
69.01573443412781,820,6,52.112954243642726,45,False
69.10602974891663,830,10,51.89978323654156,45,False
69.2157084941864,842,12,52.28850256031435,45,False
69.30863451957703,846,4,52.355014086522786,45,False
69.41481471061707,850,4,51.99661046645252,45,False
69.51757001876831,864,14,52.773667676218984,45,False
69.6037027835846,865,1,52.715723460842305,45,False
69.7048909664154,882,17,53.242276435178844,45,False
69.80775594711304,897,15,53.808247509094734,45,False
69.91485571861267,900,3,53.10423711908495,45,False
70.01757025718689,910,10,52.50664243693363,45,False
70.1161253452301,925,15,52.047358242277774,45,False
70.20876264572144,937,12,52.000264422404626,45,False
70.3196907043457,948,11,52.560322487595144,45,False
70.42672276496887,951,3,52.39551507524284,45,False
70.52080273628235,965,14,52.596672898577914,45,False
70.61619734764099,978,13,53.76327742985913,45,False
70.71047306060791,987,9,55.400609202426644,45,False
70.83147048950195,999,12,57.01008682680636,45,False
70.91960525512695,1010,11,58.13355313414104,45,False
71.0166323184967,1026,16,59.45620236779338,45,False
71.11272621154785,1035,9,60.61293178852182,45,False
71.21324825286865,1052,17,62.47261400005606,45,False
71.31385588645935,1061,9,63.62774552033099,45,False
71.41777634620667,1065,4,63.63196916644966,45,False
71.51297950744629,1066,1,63.1699889187896,45,False
71.63299131393433,1078,12,62.017255663242636,45,False
71.72125029563904,1082,4,60.943744551840595,45,False
71.83081769943237,1092,10,60.30445671755944,45,False
71.91314005851746,1099,7,58.83034931053869,45,False
72.02186012268066,1100,1,56.68386013672675,45,False
72.1275417804718,1101,1,54.434731559914944,45,False
72.23173594474792,1108,7,52.291753651986085,45,False
72.32029461860657,1110,2,49.88173513421521,45,False
72.42723512649536,1114,4,46.52999032881911,45,False
72.52743911743164,1120,6,43.468695632604394,45,False
72.61853981018066,1130,10,40.95714223429169,45,False
72.71722769737244,1146,16,39.12556708854199,45,False
72.82581806182861,1159,13,38.15245732583945,45,False
72.916907787323,1173,14,38.09366745274075,45,False
73.02378964424133,1190,17,39.788786108651266,45,False
73.13487339019775,1192,2,40.86428758708513,45,True
73.23511362075806,1195,3,42.24508847191588,45,True
73.3216245174408,1203,8,43.79643250311605,45,False
73.44039463996887,1206,3,44.72426634389881,45,True
73.52090668678284,1211,5,44.99497194131806,45,False
73.62634229660034,1226,15,46.26799649865985,45,False
73.72746562957764,1232,6,47.13520446545236,45,False
73.82255578041077,1245,13,48.62509640093272,45,False
73.92806077003479,1258,13,50.4742260960978,45,False
74.03842306137085,1267,9,51.84119983179402,45,False
74.12352585792542,1275,8,52.56614880319843,45,False
74.22616243362427,1281,6,52.92284478370376,45,False
74.32521772384644,1283,2,52.18630088442751,45,False
74.43462562561035,1295,12,51.25453638459721,45,False
74.52525496482849,100,-1195,248.33390324319393,45,True
74.64028024673462,104,4,339.2543993819387,45,True
74.72976994514465,108,4,403.4205343063241,45,True
74.83976030349731,123,15,451.09735922525635,45,True
74.9423234462738,139,16,487.0820541756799,45,True
75.02925944328308,155,16,513.7902198368513,45,True
75.1276285648346,165,10,533.4743175636481,45,True
75.22845768928528,179,14,546.7501143118308,45,True
75.32894802093506,196,17,553.8933471346267,45,True
75.43481397628784,207,11,555.7771563315642,45,True
75.54318118095398,213,6,552.6709215256399,45,True
75.64408922195435,216,3,544.0417699956503,45,True
75.7522542476654,227,11,529.7618899090421,45,True
75.83703374862671,228,1,509.19342837471885,45,True
75.93201565742493,245,17,480.96965600752816,45,True
76.04595804214478,254,9,444.2331904529422,45,True
76.13256573677063,258,4,396.7981350762627,45,True
76.23545861244202,264,6,334.3243148501167,45,True
76.33349800109863,278,14,246.47801118963935,45,True
76.43780183792114,286,8,58.63179598136151,45,False
76.55221581459045,294,8,57.78189595366355,45,False
76.6479845046997,296,2,55.795586743039095,45,False
76.7344229221344,312,16,53.623572242065336,45,False
76.84728765487671,100,-212,56.02892110330164,45,True
76.95033383369446,114,14,58.18442661056307,45,False
77.05187439918518,131,17,59.82664540152657,45,False
77.14858365058899,146,15,60.88398804283439,45,False
77.25594210624695,153,7,62.05876247557632,45,False
77.34342670440674,167,14,62.95591711666187,45,False
77.45694899559021,168,1,63.908137197073735,45,False
77.5587637424469,176,8,64.543996622459,45,False
77.64100003242493,192,16,64.74911196302232,45,False
77.74482655525208,198,6,64.77653896280658,45,False
77.84361243247986,215,17,64.68792391165448,45,False
77.94537329673767,220,5,64.28522380765273,45,False
78.05076837539673,226,6,63.63733181081683,45,False
78.15546083450317,239,13,63.04829498091126,45,False
78.26263356208801,241,2,62.23455631721013,45,False
78.35193014144897,253,12,61.04774770620125,45,False
78.4547848701477,100,-153,62.359020999371054,45,True
78.57014417648315,104,4,61.32982553374826,45,False
78.6492440700531,110,6,58.20212624982012,45,False
78.75303196907043,113,3,51.05790830028195,45,False
78.84751582145691,131,18,49.40473155478127,45,False
78.94866228103638,145,14,48.09719326530396,45,False
79.06547570228577,148,3,47.52249467357537,45,False
79.15924334526062,162,14,47.20749410845697,45,False
79.26121068000793,173,11,46.98348113965163,45,False
79.35306000709534,183,10,46.99284520009403,45,False
79.46353435516357,100,-83,49.74482385133151,45,False
79.55990886688232,104,4,51.846190795467315,45,False
79.66334676742554,114,10,52.807646226659266,45,False
79.75089716911316,127,13,52.78579354333891,45,False
79.86723518371582,131,4,51.60290689486397,45,False
79.9594464302063,135,4,49.636151140071284,45,False
80.05382347106934,149,14,46.6389322347757,45,False
80.16162443161011,152,3,41.759879070706134,45,False
80.25576663017273,164,12,35.73079903948413,45,False
80.37412095069885,173,9,25.997884529322764,45,False
80.46018528938293,188,15,26.97795396244867,45,False
80.55514526367188,196,8,28.211522468665173,45,False
80.66409158706665,200,4,29.437051482782714,45,False
80.75824856758118,213,13,31.26563608820393,45,False
80.85425686836243,214,1,33.324878094300665,45,False
80.95849561691284,217,3,35.48559566922894,45,False
81.06283736228943,231,14,38.32766624776416,45,False
81.1558084487915,246,15,42.04818664342138,45,False
81.27798891067505,247,1,45.24002652519117,45,False
81.3574857711792,261,14,49.03355993602749,45,False
81.4615650177002,277,16,50.10037425009917,45,False
81.56145668029785,293,16,51.371587477904555,45,False
81.65816164016724,294,1,51.9118483585395,45,False
81.76197266578674,301,7,52.61929303972071,45,False
81.87548851966858,304,3,52.46701344654563,45,False
81.9639401435852,306,2,51.39270376230463,45,False
82.07477736473083,322,16,51.371660475402194,45,False
82.17095637321472,336,14,51.273067979203276,45,False
82.27116894721985,345,9,51.418479168485725,45,False
82.3702347278595,356,11,51.72453479732805,45,False
82.46183466911316,368,12,52.7837806527725,45,False
82.56358885765076,373,5,53.40468144273497,45,False
82.67255067825317,390,17,54.2955799305984,45,False
82.77066540718079,402,12,55.68327845951601,45,False
82.88431406021118,411,9,56.285877447189186,45,False
82.96404337882996,414,3,55.68327845951601,45,False
83.07337141036987,420,6,55.15895212927817,45,False
83.18249249458313,434,14,55.49873872440706,45,False
83.27209568023682,436,2,54.480524043000905,45,False
83.37338376045227,436,0,53.17602843387234,45,False
83.4790871143341,453,17,53.12635880615196,45,False
83.57954335212708,454,1,53.092254614020675,45,False
83.66718912124634,463,9,52.53627318339206,45,False
83.7791976928711,476,13,52.18953439148505,45,False
83.86668062210083,480,4,50.935130312977506,45,False
83.96971774101257,488,8,48.87460997286833,45,False
84.07538056373596,505,17,48.13418743471214,45,False
84.17088413238525,510,5,47.52483561255105,45,False
84.27770638465881,523,13,47.308984347584556,45,False
84.37845516204834,538,15,47.85404894050241,45,False
84.47891545295715,545,7,48.47419416555576,45,False
84.57993078231812,553,8,48.650256936628814,45,False
84.6830370426178,554,1,48.87726976826754,45,False
84.77315163612366,555,1,48.865529773041445,45,False
84.87548232078552,561,6,48.84250198341604,45,False
84.97217774391174,564,3,48.12317529008242,45,False
85.07538032531738,566,2,46.886138676585425,45,False
85.19139790534973,566,0,45.74614737876841,45,False
85.28047490119934,583,17,44.8578588432395,45,False
85.3955864906311,591,8,43.270544253568154,45,False
85.48276805877686,607,16,43.226033822223386,45,False
85.58793330192566,607,0,41.891377394399434,45,False
85.67708730697632,616,9,40.76689833676337,45,False
85.77739381790161,627,11,40.45550024409537,45,False
85.8801863193512,629,2,39.3019083506132,45,False
85.97837948799133,636,7,38.13607216271755,45,False
86.0798442363739,642,6,37.824958691319154,45,False
86.18837833404541,645,3,37.00864763808588,45,False
86.28014421463013,662,17,37.683252248180494,45,False
86.38170409202576,668,6,38.938766030782226,45,False
86.48490405082703,671,3,39.89771296703609,45,False
86.59168982505798,681,10,41.261937666571114,45,False
86.68021631240845,692,11,42.57872121142202,45,False
86.78061008453369,705,13,43.931167751381246,45,False
86.88405728340149,706,1,44.574207788809886,45,False
86.98747754096985,716,10,45.08281268953835,45,False
87.09309530258179,716,0,44.4883130720867,45,False
87.19022822380066,726,10,43.340627591210534,45,False
87.28260326385498,737,11,43.31397003277349,45,False
87.38198733329773,741,4,43.00988258528498,45,False
87.48694467544556,758,17,44.25999887031178,45,False
87.58311438560486,100,-658,133.49797751276984,45,True
87.7020378112793,111,11,178.4355555936092,45,True
87.78404259681702,112,1,210.97893259754633,45,True
87.88959670066833,121,9,235.44449452047078,45,True
87.98623132705688,137,16,253.63857652179016,45,True
88.09149122238159,151,14,267.1742128275107,45,True
88.18650603294373,155,4,277.56802769771593,45,True
88.2881236076355,159,4,284.74431952191776,45,True
88.38998031616211,176,17,288.50779452208917,45,True
88.49133515357971,188,12,289.50844547266666,45,True
88.59678506851196,200,12,287.58099293938045,45,True
88.69199562072754,217,17,282.4962654620411,45,True
88.78806638717651,227,10,274.2236496001029,45,True
88.89120626449585,228,1,263.44422559623507,45,True
89.01265382766724,232,4,249.06131775127184,45,True
89.0891785621643,242,10,231.17155966943685,45,True
89.20508027076721,244,2,207.9972595973322,45,True
89.29027605056763,252,8,177.16898007269785,45,False
89.39333033561707,264,12,134.84031296314913,45,False
89.5018219947815,271,7,54.22202043450613,45,False
89.60335326194763,271,0,52.92532475101121,45,False
89.69927334785461,273,2,51.37995718176495,45,False
89.80399203300476,277,4,48.80663377042101,45,False
89.91364288330078,292,15,46.65254548253503,45,False
90.00263857841492,302,10,45.32049757008411,45,False
90.10857200622559,315,13,44.92980636504012,45,False
90.20161247253418,319,4,43.7555425060643,45,False
90.30859851837158,330,11,42.320207938997655,45,False
90.41152596473694,347,17,42.56697663682493,45,False
90.51143336296082,357,10,43.300115473287136,45,False
90.60618901252747,365,8,44.31238540182643,45,False
90.69950151443481,372,7,45.922761241022954,45,False
90.8067717552185,372,0,46.99561149724514,45,False
90.91362595558167,381,9,47.7104810288054,45,False
91.00310707092285,385,4,47.83458476876328,45,False
91.11458349227905,400,15,48.73445906132539,45,False
91.19907569885254,418,18,50.003274892750774,45,False
91.31889581680298,420,2,50.612720733033115,45,False
91.40830612182617,423,3,51.077881710188414,45,False
91.51716661453247,440,17,52.18666017288326,45,False
91.62206530570984,443,3,52.145445630467094,45,False
91.70950651168823,454,11,51.69661497622451,45,False
91.81616020202637,457,3,50.26668877099426,45,False
91.91214442253113,458,1,48.800512292393,45,False
92.0092511177063,467,9,47.51134075144586,45,False
92.11575627326965,467,0,46.0574369673346,45,False
92.21083521842957,474,7,44.14578122539004,45,False
92.32288980484009,476,2,42.08871582740438,45,False
92.41544508934021,493,17,41.66161302686203,45,False
92.51839661598206,507,14,42.04687859996269,45,False
92.61938905715942,512,5,42.260472074978054,45,False
92.71899080276489,512,0,41.852688085713204,45,False
92.81775879859924,520,8,40.8414923821351,45,False
92.9285204410553,524,4,39.70075566031458,45,False
93.02352261543274,539,15,38.84790856661398,45,False
93.11854004859924,556,17,39.6232255123179,45,False
93.20875716209412,566,10,41.50228909349459,45,False
93.32540726661682,567,1,42.278688484861966,45,False
93.41043663024902,573,6,42.543947865707054,45,False
93.51144766807556,581,8,43.64412904389318,45,False
93.61227250099182,589,8,44.480782367220115,45,False
93.71080350875854,599,10,45.809687840019166,45,False
93.81466484069824,612,13,47.27092129417407,45,False
93.9218258857727,629,17,48.98088913035368,45,False
94.0302574634552,630,1,50.01409801246045,45,False
94.11766052246094,637,7,50.25992439309872,45,False
94.22189831733704,638,1,49.78453575157651,45,False
94.32330894470215,643,5,48.48017636106536,45,False
94.42182874679565,650,7,47.86501854172836,45,False
94.52212524414062,663,13,48.173644246620995,45,False
94.61438989639282,669,6,48.104339721068825,45,False
94.7160415649414,669,0,46.73446265872755,45,False
94.81536793708801,686,17,46.04562954287844,45,False
94.91535830497742,694,8,44.877054270528944,45,False
95.02377200126648,711,17,45.106429696884675,45,False
95.11846327781677,711,0,45.36769224900028,45,False
95.21656918525696,714,3,45.441033218887085,45,False
95.31729125976562,732,18,45.82521140158548,45,False
95.41913962364197,748,16,46.69997323339704,45,False
95.52492332458496,753,5,47.14899256611958,45,False
95.63184380531311,758,5,47.22509925876281,45,False
95.72224545478821,775,17,48.202593291232795,45,False
95.8333215713501,791,16,50.19011356831144,45,False
95.92469120025635,801,10,52.80366938007244,45,False
96.03038334846497,808,7,54.609957883155346,45,False
96.13110494613647,810,2,55.64943845179393,45,False
96.22599267959595,825,15,56.586637115135225,45,False
96.32144069671631,100,-725,148.19358960494884,45,True
96.42201232910156,118,18,195.5654877528241,45,True
96.5219783782959,133,15,228.735677147226,45,True
96.62412595748901,141,8,254.11589875487914,45,True
96.72250008583069,160,19,273.10373029308846,45,True
96.82158517837524,176,16,287.1852146263801,45,True
96.9282853603363,181,5,297.93625157070096,45,True
97.02687525749207,191,10,305.11900956839776,45,True
97.12342023849487,196,5,309.719627243738,45,True
97.22476649284363,211,15,311.3778091001348,45,True
97.32453751564026,211,0,310.19385471024407,45,True
97.42391085624695,227,16,305.4398631482145,45,True
97.52352046966553,228,1,298.01668996886735,45,True
97.62581610679626,238,10,287.4518177016802,45,True
97.73315501213074,253,15,272.44145701416295,45,True
97.8322331905365,254,1,252.38956000595587,45,True
97.92632222175598,271,17,226.24000530410177,45,True
98.02649879455566,277,6,192.07120424467593,45,True
98.12660241127014,283,6,145.2622111906603,45,False
98.23266625404358,301,18,56.20809550233845,45,False
98.33835101127625,312,11,54.9107457607343,45,False
98.43693685531616,323,11,54.39970128594457,45,False
98.53956389427185,335,12,54.510985131439334,45,False
98.63518476486206,338,3,53.80622640550069,45,False
98.74238228797913,349,11,54.06466036145978,45,False
98.83291888237,353,4,54.443916097209616,45,False
98.93080067634583,352,-1,53.752465059753305,45,False
99.03183436393738,364,12,53.433697233113115,45,False
99.13133192062378,380,16,53.364782394384406,45,False
99.23314929008484,383,3,53.31641398293775,45,False
99.3319444656372,384,1,51.93156554543681,45,False
99.43310022354126,389,5,50.939449349202825,45,False
99.55072951316833,407,18,49.99509975987647,45,False
99.64039421081543,411,4,48.74676912370706,45,False
99.73652744293213,417,6,47.88974316072284,45,False
99.83853673934937,420,3,45.8895140527768,45,False
99.94016456604004,430,10,44.851309902833385,45,False
100.04595685005188,438,8,43.59068134360829,45,False
100.13460350036621,450,12,42.40117922888466,45,False
100.23516035079956,458,8,42.173777397809644,45,False
100.348801612854,475,17,43.08665686729477,45,False
100.44578194618225,476,1,43.59412231023811,45,False
100.53996849060059,489,13,44.93358988551883,45,False
100.64758205413818,492,3,45.444774177016214,45,False
100.73662233352661,491,-1,45.53841784691251,45,False
100.83753943443298,507,16,46.076322552912146,45,False
100.96223282814026,514,7,45.77649506023807,45,False
101.05181646347046,519,5,45.58563370185831,45,False
101.14234495162964,527,8,46.11862422059011,45,False
101.23951363563538,532,5,46.10650713294166,45,False
101.34907078742981,539,7,45.48458530095663,45,False
101.4414393901825,557,18,45.438392357124606,45,False
101.54555416107178,563,6,46.060693655219744,45,False
101.64634370803833,577,14,46.88227276913951,45,False
101.75123882293701,590,13,47.90887182975613,45,False
101.84933972358704,598,8,48.34345870952966,45,False
101.94941234588623,612,14,49.34024726326369,45,False
102.06055760383606,613,1,49.50401498868551,45,False
102.14668846130371,619,6,49.72966921265413,45,False
102.25651836395264,631,12,50.21003385778583,45,False
102.3514084815979,637,6,51.152981340289436,45,False
102.44498252868652,649,12,51.82914238148264,45,False
102.55559873580933,654,5,52.5523310615238,45,False
102.65435147285461,668,14,53.308793833663124,45,False
102.75461649894714,100,-568,116.52343112009704,45,True
102.86466264724731,103,3,153.24421685662398,45,True
102.9531090259552,107,4,180.03996084203084,45,True
103.06067419052124,108,1,201.16898369281483,45,True
103.16508793830872,111,3,218.0198156131685,45,True
103.25740766525269,127,16,230.54940359931533,45,True
103.36548590660095,144,17,239.5216900407978,45,True
103.45636677742004,157,13,245.4111651901763,45,True
103.5638780593872,174,17,248.57483279688634,45,True
103.66845941543579,188,14,249.10048173377746,45,True
103.76742482185364,193,5,247.34718009308293,45,True
103.86037707328796,207,14,243.1521951371198,45,True
103.97035574913025,215,8,236.25195766384667,45,False
104.06262707710266,214,-1,227.36822557252805,45,True
104.17116808891296,232,18,215.58443241570112,45,True
104.25870728492737,233,1,200.1720447515087,45,True
104.37044405937195,241,8,180.63772446529546,45,False
104.4694402217865,256,15,154.7311862553894,45,True
104.56664681434631,255,-1,119.37766750946341,45,False
104.6767430305481,263,8,56.16974274464856,45,False
104.761962890625,280,17,56.82288271462475,45,False
104.87216305732727,291,11,57.13632819844131,45,False
104.97593975067139,294,3,56.48209893408707,45,False
105.06775450706482,293,-1,54.264537222757184,45,False
105.17533016204834,304,11,51.39209569573905,45,False
105.2626953125,313,9,49.04006015493864,45,False
105.37158966064453,317,4,47.02765144040259,45,False
105.46820116043091,318,1,44.83243803319199,45,False
105.56075692176819,323,5,43.26372614558298,45,False
105.68051600456238,332,9,42.40648535306834,45,False
105.7675838470459,341,9,41.45346788870624,45,False
105.87840700149536,343,2,40.70859860029574,45,False
105.97693634033203,100,-243,55.373527068446705,45,True
106.06685876846313,117,17,64.23168999800644,45,False
106.16676664352417,127,10,71.22181898828477,45,False
106.26961326599121,144,17,75.8408860707732,45,False
106.38771200180054,160,16,78.98384328456042,45,False
106.47254753112793,168,8,81.416997611064,45,False
106.57758903503418,186,18,82.75874576139975,45,False
106.67474865913391,192,6,83.67274048338562,45,False
106.7771418094635,209,17,83.70985605052728,45,False
106.88381147384644,219,10,83.14024296332072,45,False
107.01593613624573,231,12,82.22303509357945,45,False
107.06992506980896,247,16,81.2579073075353,45,False
107.19500088691711,255,8,79.8535534588161,45,False
107.28619003295898,255,0,77.89197648025116,45,False
107.3812563419342,265,10,75.75645187045127,45,False
107.47505259513855,268,3,73.490067356072,45,False
107.58010530471802,286,18,71.41349662353748,45,False
107.67319250106812,305,19,69.55709884691856,45,False
107.78318572044373,316,11,67.58422523044855,45,False
107.88264322280884,322,6,65.79924011719284,45,False
107.97621464729309,330,8,64.14429047078158,45,False
108.07496666908264,340,10,62.88471594910801,45,False
108.19329142570496,354,14,61.71417989408917,45,False
108.28831696510315,364,10,60.97901278308793,45,False
108.37575960159302,373,9,60.554004822142026,45,False
108.48088002204895,391,18,60.49413194682605,45,False
108.57597970962524,391,0,60.15004156274541,45,False
108.67747092247009,401,10,59.385099141114516,45,False
108.78823900222778,407,6,58.874442672521326,45,False
108.8826014995575,423,16,58.85711511788528,45,False
108.97961950302124,442,19,59.75104601594854,45,False
109.08533191680908,453,11,61.13139537095485,45,False
109.192715883255,455,2,61.61207268060375,45,False
109.28392481803894,470,15,61.625157200610865,45,False
109.39275002479553,487,17,62.10064411904276,45,False
109.4848108291626,497,10,61.70759677705817,45,False
109.59067893028259,510,13,62.07855910054614,45,False
109.68092203140259,524,14,63.38335743710647,45,False
109.8014566898346,100,-424,91.20312494646222,45,True
109.88368105888367,109,9,110.32065763038217,45,False
109.98335599899292,122,13,124.4810326917318,45,False
110.09292244911194,130,8,135.80842205106427,45,False
110.19545102119446,142,12,144.64144461391416,45,False
110.28488755226135,156,14,151.27335356896137,45,False
110.39314556121826,163,7,156.45295618811429,45,False
110.48676109313965,175,12,159.88410646465147,45,False
110.58434820175171,185,10,162.1041254872929,45,False
110.68841314315796,204,19,162.7181919761893,45,False
110.8053240776062,213,9,162.29140457830783,45,False
110.88942122459412,216,3,160.5812177684551,45,False
110.98875045776367,230,14,156.99983280245874,45,True
111.10571813583374,238,8,151.86082444132853,45,False
111.19330906867981,250,12,145.56629932783204,45,False
111.29816579818726,261,11,137.08697968807977,45,False
111.3964319229126,266,5,125.60990207782187,45,False
111.49041557312012,279,13,110.96768673807705,45,False
111.60247159004211,283,4,90.89174880042742,45,False
111.70492911338806,294,11,60.0413191060956,45,False
111.79622006416321,309,15,59.775308447552156,45,False
111.9047966003418,320,11,59.41683263183928,45,False
111.99926519393921,333,13,59.4922473940933,45,False
112.10541319847107,336,3,58.707984976491915,45,False
112.20311427116394,338,2,57.4338532574648,45,False
112.30548644065857,348,10,56.54951370259518,45,False
112.40174722671509,364,16,55.91055356549423,45,False
112.49334931373596,380,16,55.96094620358023,45,False
112.62143087387085,382,2,55.2924949699324,45,False
112.70494484901428,397,15,55.89568409099222,45,False
112.80686974525452,403,6,56.133123020191924,45,False
112.90285277366638,415,12,55.986694847972586,45,False
113.01093649864197,420,5,55.8082431187365,45,False
113.11049032211304,428,8,55.372466081979766,45,False
113.21233415603638,432,4,54.736094124444065,45,False
113.2997670173645,434,2,53.74334842564241,45,False
113.39920568466187,436,2,51.92540322424083,45,False
113.49815511703491,436,0,49.92534426521264,45,False
113.61196827888489,450,14,47.86321656554227,45,False
113.71687269210815,464,14,46.42076582737514,45,False
113.80060696601868,470,6,45.40825916064169,45,False
113.9228458404541,479,9,44.74245746491804,45,False
114.0115339756012,494,15,45.14100131809219,45,False
114.11973285675049,503,9,45.14562548021679,45,False
114.21499848365784,512,9,44.56374647625579,45,False
114.31261539459229,524,12,44.41539710505806,45,False
114.4229211807251,534,10,45.09908535657902,45,False
114.50681352615356,540,6,46.2117679817598,45,False
114.6239902973175,548,8,46.78298301733228,45,False
114.71697163581848,552,4,47.55113037562829,45,False
114.83211088180542,567,15,48.7769412735157,45,False
114.93610715866089,577,10,50.41825066382212,45,False
115.02747941017151,100,-477,98.21405194777374,45,True
115.11257481575012,112,12,125.86802612260192,45,False
115.22522234916687,127,15,145.12252581870257,45,True
115.30761194229126,139,12,159.55644769171818,45,False
115.40953707695007,148,9,170.8024004515159,45,False
115.50891613960266,148,0,180.20527184297356,45,True
115.60923337936401,153,5,187.5127928969114,45,True
115.70904779434204,153,0,193.09168806554052,45,True
115.82674789428711,166,13,196.47839575892306,45,False
115.91076183319092,177,11,197.87599652307503,45,False
116.0186562538147,192,15,196.9696423309948,45,True
116.11986684799194,209,17,193.9803856063803,45,True
116.22803139686584,221,12,189.05165299462473,45,True
116.31965255737305,232,11,181.89224145081064,45,True
116.41602826118469,237,5,172.40501732838288,45,True
116.51680135726929,238,1,160.4607740228122,45,True
116.63404607772827,100,-138,148.05992030255857,45,True
116.7277455329895,116,16,129.60995332149454,45,True
116.81935691833496,132,16,100.32959433786225,45,False
116.91322469711304,135,3,44.368767167907656,45,False
117.02655076980591,141,6,42.3705086115331,45,False
117.12753295898438,145,4,40.939559108519965,45,False
117.23311996459961,158,13,40.03123780249619,45,False
117.33014965057373,163,5,39.53049455799915,45,False
117.42815828323364,174,11,39.271490931717885,45,False
117.53208637237549,190,16,39.18851872679037,45,False
117.62876296043396,200,10,39.41126108106666,45,False
117.73125052452087,203,3,39.58847685880325,45,False
117.8354377746582,209,6,40.12654981430624,45,False
117.92017674446106,214,5,40.85642544325189,45,False
118.0291166305542,233,19,42.38454907156616,45,False
118.13742542266846,249,16,44.47977068286212,45,False
118.23999738693237,249,0,46.02053889297691,45,False
118.3254406452179,267,18,48.34694923156993,45,False
118.43246650695801,267,0,50.28148267503654,45,False
118.52368783950806,284,17,53.417670297383815,45,False
118.62298703193665,285,1,52.79498082204406,45,False
118.72606468200684,302,17,53.43407152744398,45,False
118.82415890693665,310,8,54.514126609531225,45,False
118.92635869979858,318,8,55.01951926362134,45,False
119.0256757736206,335,17,55.911425487104154,45,False
119.1248140335083,344,9,56.22641727871339,45,False
119.22939920425415,358,14,57.16126310710777,45,False
119.33036923408508,100,-258,63.659622210628925,45,True
119.43897223472595,105,5,69.53049690603397,45,False
119.5280351638794,106,1,75.38494544668717,45,False
119.62914204597473,125,19,79.38405066510526,45,False
119.72734761238098,128,3,82.88630767503159,45,False
119.82835531234741,141,13,85.41955279676895,45,False
119.92840623855591,146,5,87.5542117776181,45,False
120.02705550193787,100,-46,92.19895606784277,45,True
120.13051176071167,115,15,95.10356197325103,45,False
120.22835803031921,135,20,96.55489371336908,45,False
120.33245015144348,154,19,96.56805890148149,45,False
120.43143653869629,158,4,96.15377007689297,45,False
120.53161931037903,163,5,94.62684608503022,45,False
120.6319854259491,174,11,92.4987972894783,45,False
120.73163843154907,183,9,88.91563417082507,45,False
120.83239245414734,191,8,84.20182598970167,45,False
120.93433332443237,198,7,78.13672312043806,45,False
121.03555798530579,208,10,69.37895934647622,45,False
121.13307809829712,222,14,57.93228806114946,45,False
121.23316955566406,227,5,39.800094220994,45,False
121.33594226837158,231,4,41.13939717594316,45,False
121.44815254211426,249,18,43.33832022586939,45,False
121.54508304595947,260,11,45.32703387604356,45,False
121.64154005050659,270,10,48.19157083972258,45,False
121.7389748096466,277,7,50.62301847973903,45,False
121.85606408119202,292,15,53.89181292181587,45,False
121.94288563728333,309,17,57.65813038939088,45,False
122.0357756614685,320,11,57.40958108190653,45,False
122.15615844726562,320,0,56.614022114666966,45,False
122.25727200508118,334,14,57.04734875522262,45,False
122.3505585193634,339,5,57.832408734203696,45,False
122.45230150222778,342,3,57.69703198605627,45,False
122.55779814720154,355,13,57.48867279734331,45,False
122.65157699584961,354,-1,56.613138934349855,45,False
122.75501322746277,356,2,55.24047429195372,45,False
122.85640668869019,359,3,53.40028089813761,45,False
122.94907999038696,362,3,51.01284152054265,45,False
123.05230903625488,380,18,49.3679045534647,45,False
123.15682411193848,390,10,48.3188369065316,45,False
123.25426959991455,388,-2,46.13271615675799,45,False
123.3579261302948,406,18,44.15076443279323,45,False
123.45584011077881,410,4,42.73789302246895,45,False
123.55550909042358,424,14,42.109707906847326,45,False
123.65560173988342,436,12,42.01104021563856,45,False
123.75895500183105,454,18,42.72645550475723,45,False
123.85632562637329,455,1,43.28079828284132,45,False
123.96130132675171,462,7,44.50516823920565,45,False
124.05639266967773,478,16,46.71359545143149,45,False
124.14803266525269,478,0,47.52672932150917,45,False
124.24805235862732,486,8,48.80481533619403,45,False
124.36683177947998,484,-2,49.126851110161745,45,False
124.45805716514587,494,10,49.31984894542967,45,False
124.55777621269226,100,-394,84.80955134888995,45,True
124.66203832626343,119,19,105.262279568704,45,False
124.7682797908783,134,15,119.6254467076299,45,False
124.86581134796143,136,2,131.34329065468094,45,True
124.95648789405823,148,12,140.28146705819697,45,False
125.07211422920227,150,2,147.65818636296464,45,True
125.16540360450745,151,1,153.61779682055072,45,True
125.25484299659729,150,-1,158.55058341109944,45,True
125.36007452011108,152,2,161.91123339657446,45,True
125.47856855392456,154,2,164.00453499827375,45,True
125.57174587249756,163,9,164.18148494882118,45,False
125.66537141799927,174,11,162.38839244231713,45,False
125.76735496520996,187,13,158.1337645792321,45,False
125.86239194869995,199,12,152.30773946191968,45,False
125.96438598632812,209,10,144.47563808476502,45,False
126.06223797798157,223,14,133.50673203999864,45,False
126.15732288360596,230,7,120.24943866812849,45,False
126.26022267341614,234,4,102.83650859495376,45,False
126.36404514312744,244,10,80.52668812263423,45,False
126.47010159492493,256,12,43.377730461608984,45,False
126.57033824920654,267,11,44.07947368106838,45,False
126.67035818099976,272,5,45.39193210252236,45,False
126.77380275726318,283,11,47.49726307904488,45,False
126.87448310852051,294,11,49.44491884915982,45,False
126.96695590019226,301,7,51.51725439112609,45,False
127.0718445777893,301,0,52.54388641887846,45,False
127.1786437034607,312,11,53.345922993233515,45,False
127.27252769470215,314,2,52.983464401641385,45,False
127.37004899978638,324,10,52.20677638008307,45,False
127.47060251235962,327,3,50.372710866102885,45,False
127.5778968334198,332,5,48.24341924034822,45,False
127.67609691619873,339,7,46.185928593024954,45,False
127.76914238929749,352,13,44.91355586011867,45,False
127.8686900138855,372,20,45.014553202270044,45,False
127.96713948249817,385,13,45.6551201947821,45,False
128.07321310043335,399,14,47.265103406212916,45,False
128.184574842453,417,18,49.56800883634524,45,False
128.27191519737244,415,-2,50.24350704319913,45,False
128.38171935081482,432,17,51.7185653319966,45,False
128.4813370704651,442,10,53.425649270738866,45,False
128.5816524028778,100,-342,73.92514795385938,45,True
128.67983984947205,100,0,89.24655455534405,45,True
128.78836011886597,107,7,101.0523997735828,45,False
128.88208317756653,115,8,110.30689008398342,45,False
128.98318028450012,124,9,117.48466921262535,45,False
129.0761935710907,144,20,122.330862827007,45,False
129.1880464553833,151,7,126.03074029775433,45,False
129.2826898097992,164,13,128.49415356349874,45,False
129.37313032150269,182,18,129.621940658208,45,False
129.47805833816528,189,7,130.07362338306717,45,False
129.5770127773285,200,11,129.7561077560513,45,False
129.6850996017456,218,18,128.58164721296737,45,False
129.77486062049866,232,14,126.48335858918358,45,False
129.87630319595337,239,7,123.04953270939309,45,False
129.98776841163635,245,6,118.36674997650312,45,False
130.0811483860016,252,7,112.08853643437405,45,False
130.18826627731323,261,9,103.4390641875689,45,False
130.27613019943237,260,-1,93.54211618303276,45,False
130.3797619342804,279,19,80.20324182974153,45,False
130.493225812912,296,17,62.56828269978328,45,False
130.59397554397583,307,11,63.459337374416386,45,False
130.6787974834442,100,-207,63.459337374416386,45,True
130.7836377620697,100,0,64.00617157743463,45,False
130.8940908908844,120,20,63.67124547234803,45,False
130.99445366859436,119,-1,63.99054617675959,45,False
131.10489296913147,120,1,65.29555880762489,45,False
131.1924443244934,137,17,65.90751095284968,45,False
131.29163122177124,147,10,66.48629558036754,45,False
131.40159034729004,161,14,66.92899222310164,45,False
131.48944306373596,173,12,67.14022639223076,45,False
131.59184551239014,186,13,67.19181497771882,45,False
131.69389629364014,100,-86,70.25247326607085,45,True
131.7990152835846,112,12,71.6645658606818,45,False
131.9074833393097,127,15,71.65675125206278,45,False
131.99308967590332,144,17,70.45386788530492,45,False
132.10004782676697,156,12,68.28460661086069,45,False
132.19956874847412,155,-1,65.07340086394747,45,False
132.28843212127686,154,-1,61.32477068852357,45,False
132.38844990730286,172,18,55.02281345042254,45,False
132.49025321006775,186,14,45.205751846418835,45,False
132.60796761512756,200,14,29.91065863534269,45,False
132.6995394229889,219,19,32.40740656084655,45,False
132.80472373962402,223,4,34.077081741252435,45,False
132.90379190444946,239,16,37.561283258163584,45,False
133.00539755821228,255,16,41.369191435173114,45,False
133.09905815124512,268,13,45.133247168800075,45,False
133.2030384540558,267,-1,48.33901116075917,45,False
133.30306696891785,265,-2,50.82017315987815,45,False
133.40526056289673,275,10,53.76857818466097,45,False
133.5039451122284,276,1,56.398116103288416,45,False
133.60266160964966,274,-2,58.60569511574792,45,False
133.70034384727478,276,2,55.56102500854354,45,False
133.80642819404602,282,6,52.50930869855363,45,False
133.90274238586426,299,17,50.514230668198834,45,False
134.01190209388733,318,19,50.06443348326235,45,False
134.11413645744324,327,9,49.94046455530825,45,False
134.21026611328125,336,9,48.92900469046964,45,False
134.30474495887756,348,12,47.02858173494072,45,False
134.39921021461487,353,5,45.607126636086164,45,False
134.50701332092285,366,13,45.05119310295788,45,False
134.61518478393555,375,9,45.017191160711036,45,False
134.71216368675232,379,4,45.538417846912516,45,False
134.81451606750488,383,4,45.35358309990512,45,False
134.91257572174072,402,19,46.834389074695956,45,False
135.0235984325409,422,20,49.96146014679715,45,False
135.1186327934265,434,12,53.53809391452034,45,False
135.21145796775818,437,3,55.85362566566292,45,False
135.3237955570221,452,15,57.90431762830816,45,False
135.41065192222595,462,10,59.986227586005114,45,False
135.51603984832764,482,20,62.31073342530964,45,False
135.61846375465393,486,4,63.046391649324384,45,False
135.7053837776184,496,10,62.96782908755867,45,False
135.8242564201355,502,6,62.008447005226635,45,False
135.91878247261047,512,10,61.52999268649396,45,False
136.02158737182617,517,5,61.35590843594445,45,False
136.1119830608368,527,10,61.10276180337514,45,False
136.22402715682983,525,-2,59.888229227453365,45,False
136.3282492160797,525,0,58.251416291795,45,False
136.41516709327698,524,-1,55.60431637921646,45,False
136.51161861419678,535,11,53.414674949867475,45,False
136.62195682525635,545,10,51.287693455642945,45,False
136.71980667114258,554,9,48.6208802882054,45,False
136.82711958885193,563,9,45.2458837906831,45,False
136.9123387336731,580,17,43.53159771935783,45,False
137.03078627586365,578,-2,42.092279577138605,45,False
137.12371492385864,580,2,40.60036945644707,45,False
137.22272658348083,596,16,39.29182484945183,45,False
137.32545614242554,612,16,39.48477554703838,45,False
137.43754982948303,625,13,40.37771662687231,45,False
137.53033113479614,637,12,42.69598927299846,45,False
137.631605386734,650,13,45.11460406564597,45,False
137.72857284545898,662,12,47.916046372796664,45,False
137.8393223285675,681,19,51.44258935940142,45,False
137.92681050300598,698,17,55.604046615331875,45,False
138.02871918678284,715,17,59.94781063558535,45,False
138.1338062286377,715,0,63.110221042236894,45,False
138.23912405967712,726,11,65.52821911207415,45,False
138.32805752754211,725,-1,66.27931426923486,45,False
138.43083214759827,728,3,65.63754641971316,45,False
138.51984333992004,740,12,65.18703858897105,45,False
138.6265218257904,744,4,64.26855763123987,45,False
138.7346224784851,757,13,63.46999291003584,45,False
138.8336489200592,767,10,62.54726213032829,45,False
138.93297147750854,783,16,62.64860333638732,45,False
139.03862190246582,794,11,61.71942562921337,45,False
139.13582372665405,791,-3,58.82694960645163,45,False
139.2316608428955,794,3,55.84854519143717,45,False
139.34462714195251,809,15,53.75916200983791,45,False
139.4336085319519,823,14,52.265165263299416,45,False
139.5389060974121,834,11,51.04958373973289,45,False
139.63820600509644,849,15,50.60422413198329,45,False
139.73379135131836,865,16,50.9390812637998,45,False
139.84259581565857,873,8,51.92831597500539,45,False
139.9390950202942,874,1,52.78550937520638,45,False
140.0430827140808,873,-1,53.49168159630056,45,False
140.14244103431702,884,11,53.8184680198164,45,False
140.22845578193665,897,13,54.69698346344157,45,False
140.33884453773499,907,10,54.90455354522064,45,False
140.43892097473145,924,17,55.22490380254183,45,False
140.53914999961853,944,20,56.64724176868633,45,False
140.63408255577087,943,-1,56.51095026629795,45,False
140.74886441230774,957,14,56.995504208665444,45,False
140.84330368041992,977,20,58.360838753396955,45,False
140.93759489059448,978,1,59.33422283977435,45,False
141.04480075836182,992,14,60.744053206877794,45,False
141.14627051353455,1011,19,61.83882275722914,45,False
141.24853563308716,1027,16,62.639025375559605,45,False
141.3452205657959,1028,1,62.80923498976882,45,False
141.44735455513,1040,12,63.33819937446911,45,False
141.54096865653992,1053,13,64.05591307599947,45,False
141.64596891403198,1070,17,65.61956644172528,45,False
141.7467076778412,1085,15,67.86919404265826,45,False
141.84662628173828,1094,9,69.65694509523081,45,False
141.95376873016357,1092,-2,69.60215513904724,45,False
142.05141854286194,100,-992,205.37387248625373,45,True
142.1616473197937,109,9,275.381081412649,45,True
142.24660277366638,123,14,324.6619934639717,45,True
142.35155987739563,138,15,361.74215610017035,45,True
142.45176482200623,144,6,390.839976844744,45,True
142.55901670455933,142,-2,413.9786558507576,45,True
142.6416163444519,163,21,430.8422304045879,45,True
142.75115489959717,174,11,442.5925891833256,45,True
142.85553455352783,187,13,449.2582219614907,45,True
142.94937181472778,186,-1,452.3940649478063,45,True
143.05571055412292,194,8,451.064740364396,45,True
143.15253019332886,199,5,444.9658863328739,45,True
143.26107478141785,219,20,433.39358555474723,45,True
143.35488176345825,219,0,417.5427493083792,45,True
143.45491075515747,233,14,395.6992039415798,45,True
143.55669379234314,242,9,366.8148408938766,45,True
143.66148161888123,252,10,328.48544488302673,45,True
143.75547981262207,267,15,276.9108656228571,45,True
143.8604609966278,284,17,203.49994471743722,45,True
143.95432901382446,293,9,55.9476541063162,45,False
144.06304359436035,291,-2,55.48916560915293,45,False
144.16233658790588,100,-191,56.28010305605348,45,True
144.262850522995,108,8,57.42288306938271,45,False
144.3723590373993,126,18,58.14402376856972,45,False
144.4670205116272,130,4,58.90710907861631,45,False
144.56102085113525,144,14,58.80941676296407,45,False
144.67026543617249,100,-44,62.318857499155094,45,False
144.7565712928772,112,12,64.89460686374484,45,False
144.86374807357788,128,16,66.48103112918753,45,False
144.95401191711426,128,0,67.90101251086024,45,False
145.0644702911377,132,4,68.98353064319048,45,False
145.16172647476196,134,2,69.79032884289914,45,False
145.2585690021515,153,19,69.52740466895051,45,False
145.36496305465698,167,14,68.9453406692577,45,False
145.46062660217285,176,9,67.70544660512918,45,False
145.56405234336853,197,21,66.11573186466289,45,False
145.66675448417664,203,6,63.94472222161889,45,False
145.76275396347046,221,18,61.131231788669204,45,False
145.87041187286377,220,-1,56.37931801644997,45,False
145.96864414215088,222,2,49.9613850888864,45,False
146.07412552833557,242,20,44.34329148811577,45,False
146.170227766037,255,13,47.1348066719277,45,False
146.26398539543152,266,11,50.08452854924363,45,False
146.3744511604309,275,9,53.53211652830476,45,False
146.48010516166687,280,5,56.39758416811841,45,False
146.56898021697998,280,0,58.85785843878454,45,False
146.67282819747925,289,9,58.08614292583042,45,False
146.76149082183838,303,14,57.87613929764148,45,False
146.880362033844,323,20,59.05599038200951,45,False
146.97117519378662,324,1,58.68977764483352,45,False
147.0775294303894,335,11,57.875620946992875,45,False
147.17659544944763,338,3,55.65651354513683,45,False
147.2781105041504,336,-2,53.38670246419046,45,False
147.38267850875854,335,-1,50.83994492522587,45,False
147.4762270450592,337,2,47.816811897072355,45,False
147.575514793396,335,-2,45.37342283760396,45,False
147.67992496490479,337,2,42.427909446495235,45,False
147.7748281955719,344,7,40.46554089592773,45,False
147.87910842895508,357,13,38.07134749388312,45,False
147.98260593414307,362,5,34.775386410505924,45,False
148.07980227470398,380,18,33.74829625329255,45,False
148.18622040748596,382,2,32.94373992126577,45,False
148.2808599472046,379,-3,31.858240692166287,45,False
148.386563539505,376,-3,30.468672435798705,45,False
148.48600721359253,382,6,29.072495592913928,45,False
148.57833337783813,393,11,27.468663964597912,45,False
148.68533492088318,411,18,27.379691378830405,45,False
148.78656649589539,412,1,27.64217791708895,45,False
148.8933982849121,431,19,30.5026228380446,45,False
148.98669242858887,448,17,34.074183775990875,45,False
149.08689141273499,445,-3,36.678331477863054,45,False
149.18150091171265,460,15,39.85837427693207,45,False
149.28184723854065,478,18,43.49551701037706,45,False
149.39004278182983,480,2,45.876437307184176,45,False
149.48760533332825,496,16,48.58230130407575,45,False
149.5884509086609,505,9,50.52910052633037,45,False
149.69203639030457,506,1,51.255511898721686,45,False
149.78377270698547,511,5,51.576254226145586,45,False
149.89145374298096,529,18,53.055725421484915,45,False
149.98499655723572,545,16,54.85751999498337,45,False
150.09018802642822,546,1,56.55605626279117,45,False
150.1840009689331,549,3,57.37325160734748,45,False
150.3014838695526,555,6,57.14271607125443,45,False
150.38941621780396,562,7,55.73383173620849,45,False
150.49660277366638,582,20,54.792882749495845,45,False
150.59184002876282,590,8,53.77218146960378,45,False
150.69062876701355,593,3,52.98799392315206,45,False
150.79009103775024,595,2,50.833158469644594,45,False
150.88307213783264,600,5,49.310115595078464,45,False
150.9954423904419,613,13,48.911143924467765,45,False
151.1001877784729,612,-1,46.69718942291924,45,False
151.19730162620544,629,17,45.76964059286461,45,False
151.29035997390747,648,19,46.679867180616526,45,False
151.3976800441742,657,9,47.015183717603406,45,False
151.49934029579163,667,10,48.10727595696934,45,False
151.60541224479675,666,-1,48.40338314622233,45,False
151.70214653015137,682,16,48.73856276091859,45,False
151.79379415512085,700,18,49.550983844924815,45,False
151.89770102500916,697,-3,50.02339452696108,45,False
151.9928274154663,705,8,51.06799389049857,45,False
152.10167407989502,718,13,51.95286325122033,45,False
152.19785833358765,716,-2,51.52113643932944,45,False
152.30181074142456,715,-1,50.20784301282022,45,False
152.3982708454132,715,0,48.23795186365192,45,False
152.49514842033386,733,18,48.0379797660143,45,False
152.59476923942566,745,12,48.21109830733998,45,False
152.70474457740784,742,-3,47.19202792845419,45,False
152.79332661628723,744,2,45.26212544722132,45,False
152.90455675125122,759,15,43.529616354845125,45,False
152.99382424354553,775,16,42.9300302818435,45,False
153.10812425613403,775,0,40.62314611154582,45,False
153.20075607299805,775,0,38.586396566665826,45,False
153.30140209197998,781,6,37.6221676674803,45,False
153.40903496742249,781,0,36.373719908747304,45,False
153.50824689865112,788,7,35.5195720694943,45,False
153.60043358802795,100,-688,142.8912523564686,45,True
153.70077919960022,112,12,193.11333459914152,45,True
153.80004978179932,110,-2,229.29611858904198,45,True
153.898597240448,129,19,255.32722142380356,45,True
153.9975438117981,133,4,275.5407592353625,45,True
154.1049304008484,155,22,289.6581217573572,45,True
154.19964742660522,169,14,299.6799292578667,45,True
154.31747388839722,178,9,306.4902078370531,45,True
154.41401648521423,200,22,309.7972885614075,45,True
154.50865626335144,215,15,309.5672947841874,45,True
154.607257604599,226,11,306.181037133262,45,True
154.71054935455322,243,17,300.204663521405,45,True
154.8087718486786,260,17,291.4765170644112,45,True
154.90266108512878,276,16,279.0853767218913,45,True
155.00222849845886,289,13,262.47435589024695,45,True
155.10298418998718,303,14,242.27097948371778,45,True
155.2035689353943,307,4,217.6940226556531,45,True
155.30318307876587,320,13,186.40442591312043,45,True
155.41003918647766,317,-3,144.97189382773476,45,True
155.5138018131256,328,11,76.99902596786534,45,False
155.60529375076294,330,2,75.60489402148515,45,False
155.70298552513123,332,2,73.6145366079282,45,False
155.80949687957764,346,14,70.51992626201476,45,False
155.91519713401794,364,18,68.46128467973706,45,False
156.01215076446533,385,21,66.24445259793457,45,False
156.10963034629822,397,12,64.91600341980396,45,False
156.20953917503357,406,9,63.49952755729762,45,False
156.3091104030609,411,5,61.17750812185799,45,False
156.41643643379211,424,13,60.003729050784834,45,False
156.50990676879883,431,7,58.849702633063494,45,False
156.60794615745544,438,7,57.38142120930781,45,False
156.7090721130371,447,9,56.40432164293796,45,False
156.80944085121155,455,8,55.896422067964245,45,False
156.91421508789062,455,0,55.20767609671684,45,False
157.03454518318176,472,17,55.484592455924194,45,False
157.11097383499146,489,17,56.8014964591603,45,False
157.21144247055054,496,7,57.47545128139491,45,False
157.31106305122375,493,-3,57.479213634147776,45,False
157.41399908065796,511,18,57.200087412520624,45,False
157.5121569633484,531,20,57.89237860029591,45,False
157.62276816368103,531,0,56.986928325713436,45,False
157.7144157886505,547,16,55.7328224657607,45,False
157.8152425289154,566,19,55.54500427581224,45,False
157.91913986206055,566,0,55.088542365904,45,False
158.01604199409485,577,11,55.72097899355323,45,False
158.12130665779114,584,7,56.33427020917197,45,False
158.22410655021667,580,-4,55.89239662064958,45,False
158.32277607917786,599,19,55.90921212108073,45,False
158.42295622825623,609,10,56.2843450703657,45,False
158.53197526931763,621,12,56.68798373553253,45,False
158.62738800048828,623,2,56.282679396062875,45,False
158.73453569412231,623,0,55.17735042569551,45,False
158.82242226600647,634,11,54.13342313210943,45,False
158.9325020313263,652,18,52.88629312024052,45,False
159.02939367294312,651,-1,51.48424516296223,45,False
159.11596655845642,657,6,50.60382890651655,45,False
159.2340795993805,659,2,49.11221843899947,45,False
159.32864499092102,655,-4,45.56160664419111,45,False
159.43152856826782,651,-4,42.162305439811995,45,False
159.52990770339966,647,-4,39.35911584372799,45,False
159.61988711357117,661,14,36.11218630877948,45,False
159.73075199127197,672,11,34.02245581964947,45,False
159.8215470314026,681,9,33.38697350764217,45,False
159.93409371376038,693,12,32.66110071629552,45,False
160.02839827537537,704,11,32.83077824237495,45,False
160.13426399230957,701,-3,32.2510077361933,45,False
160.2247679233551,706,5,30.483561143672176,45,False
160.3230881690979,703,-3,29.34497401600485,45,False
160.43655371665955,701,-2,28.152930575696733,45,True
160.5320119857788,718,17,28.55065673500349,45,False
160.63704228401184,729,11,29.23850201361212,45,False
160.72601294517517,743,14,30.266978706174157,45,False
160.83556389808655,752,9,32.00093748626749,45,False
160.9348087310791,749,-3,33.66641501556113,45,False
161.04040002822876,745,-4,34.22027907542544,45,False
161.1454827785492,748,3,34.73168582145128,45,False
161.23287987709045,761,13,35.6805269019391,45,False
161.33178901672363,769,8,36.180243227485356,45,False
161.44773364067078,100,-669,138.11092462220358,45,True
161.54430222511292,107,7,186.9003143389545,45,True
161.6413915157318,114,7,221.20931264302595,45,True
161.73942160606384,134,20,245.78809979329756,45,True
161.83303546905518,153,19,263.6860823024226,45,True
161.93765425682068,173,20,276.25414024046773,45,True
162.0468988418579,172,-1,285.64626726075034,45,True
162.14438033103943,177,5,292.15768002912404,45,True
162.24633622169495,199,22,294.96631587352476,45,True
162.34552550315857,210,11,295.2607491692724,45,True
162.44714164733887,100,-110,298.51738224096766,45,True
162.54793906211853,98,-2,297.9092605140028,45,True
162.65022540092468,117,19,292.5558878231645,45,True
162.74731016159058,127,10,282.4482032160941,45,True
162.83676195144653,130,3,267.6006866583119,45,True
162.95226216316223,146,16,247.8993747470937,45,True
163.0438733100891,147,1,222.88223347768212,45,True
163.15655422210693,160,13,189.42547347175875,45,False
163.23807048797607,177,17,139.97946277936632,45,False
163.33752536773682,187,10,33.79260274083664,45,False
163.44035935401917,199,12,33.884030161714826,45,False
163.53937077522278,211,12,34.65036074848284,45,False
163.6477770805359,209,-2,35.00157139329604,45,False
163.7408790588379,216,7,36.34061089194842,45,False
163.83920168876648,213,-3,37.646248153036446,45,False
163.94668126106262,226,13,39.68686810520578,45,False
164.0539071559906,243,17,42.67598856499988,45,False
164.14862728118896,257,14,46.308098643757766,45,False
164.26242184638977,256,-1,49.143132785771805,45,False
164.35823583602905,260,4,51.73536024809337,45,False
164.45824265480042,261,1,50.55887656979731,45,False
164.55538511276245,259,-2,47.68697411243452,45,False
164.65359139442444,264,5,45.60307007209054,45,False
164.7498197555542,263,-1,43.18286697290952,45,False
164.8445017337799,268,5,40.09226858136117,45,False
164.95208072662354,287,19,38.637125928308905,45,False
165.04868531227112,285,-2,35.74279647705255,45,False
165.1562099456787,299,14,33.942598604113975,45,False
165.26193976402283,311,12,33.67506495910587,45,False
165.349848985672,318,7,33.77702621605401,45,False
165.46643114089966,322,4,34.170747723747574,45,False
165.5547342300415,332,10,35.40123585413368,45,False
165.66402769088745,350,18,37.0600863463646,45,False
165.75504231452942,370,20,39.98824827371162,45,False
165.85953092575073,377,7,41.73415867128508,45,False
165.95843172073364,386,9,43.90148061284494,45,False
166.05194973945618,392,6,46.43735026893761,45,False
166.16230010986328,395,3,48.85578266694742,45,False
166.25748300552368,402,7,50.70352551844891,45,False
166.36530327796936,399,-3,51.51601692677725,45,False
166.46300411224365,399,0,51.45570910987429,45,False
166.56115221977234,415,16,51.334296527760074,45,False
166.65674781799316,425,10,51.1418370808089,45,False
166.761168718338,437,12,50.439543019341485,45,False
166.86899375915527,452,15,49.880131314983515,45,False
166.96106386184692,472,20,51.20244134804511,45,False
167.07201886177063,473,1,50.722874524222306,45,False
167.1729440689087,478,5,50.31985194731797,45,False
167.25676441192627,494,16,50.80393685532648,45,False
167.35607933998108,495,1,50.397296554478,45,False
167.45870542526245,507,12,49.773989191142796,45,False
167.55690836906433,506,-1,48.38243482918155,45,False
167.66482138633728,518,12,48.138757773752324,45,False
167.78165578842163,532,14,49.36000405186369,45,False
167.8624758720398,528,-4,49.51653764147893,45,False
167.95848417282104,534,6,49.673207063768295,45,False
168.06553649902344,534,0,49.21369220044357,45,False
168.1750783920288,532,-2,47.848092960953,45,False
168.26679110527039,552,20,47.32008030424293,45,False
168.37164092063904,563,11,46.05550998523412,45,False
168.4757056236267,562,-1,43.154924400350886,45,False
168.57380056381226,579,17,41.69565325066871,45,False
168.66444730758667,587,8,40.373103670636965,45,False
168.77857518196106,603,16,40.18765357668945,45,False
168.88069462776184,601,-2,39.763676892359946,45,False
168.97758269309998,609,8,40.54414261024643,45,False
169.08075070381165,617,8,40.90657037689667,45,False
169.1828577518463,621,4,40.79718127518126,45,False
169.2740650177002,621,0,40.89434557490803,45,False
169.38192796707153,624,3,40.29454057313472,45,False
169.46680808067322,634,10,40.42434291364549,45,False
169.58238053321838,100,-534,110.35373804271426,45,True
169.67879223823547,102,2,147.7680192057808,45,True
169.77727603912354,116,14,173.33536136634095,45,True
169.8752579689026,137,21,191.41666594108256,45,True
169.96949005126953,136,-1,206.08020283375112,45,True
170.07352995872498,152,16,216.82467571750223,45,True
170.171888589859,174,22,224.16745972598252,45,True
170.27824687957764,197,23,228.17972631239613,45,True
170.3774220943451,208,11,229.91367945383328,45,True
170.47930240631104,223,15,229.7680297604521,45,True
170.57233715057373,236,13,227.21419409887224,45,True
170.67507481575012,241,5,222.77374172015874,45,True
170.77252459526062,248,7,215.7489918864049,45,True
170.88775062561035,247,-1,207.12659776088634,45,True
170.9851188659668,265,18,195.73131456156935,45,True
171.09005880355835,275,10,181.25238619118923,45,True
171.18621635437012,296,21,163.45409141407262,45,True
171.27870917320251,312,16,141.94057735545536,45,True
171.38905596733093,334,22,114.82259141823964,45,False
171.47665739059448,356,22,75.29865536648047,45,False
171.5839467048645,358,2,76.11653893865643,45,False
171.68395256996155,367,9,75.63193769830309,45,False
171.79177594184875,386,19,75.69438552495158,45,False
171.8965723514557,382,-4,75.04017257442844,45,False
171.9898819923401,386,4,72.51570519549541,45,False
172.09209203720093,387,1,69.44919006007197,45,False
172.19366812705994,385,-2,66.39312840949732,45,False
172.2826590538025,382,-3,63.60746811499417,45,False
172.38531064987183,394,12,61.01803012225157,45,False
172.48617148399353,399,5,58.6051192303198,45,False
172.58589482307434,396,-3,55.83690535837386,45,False
172.69547152519226,396,0,52.22592746902634,45,False
172.7944848537445,412,16,48.70818719681528,45,False
172.9007556438446,428,16,44.27482354566757,45,False
172.99119186401367,427,-1,39.875932590975225,45,False
173.09532833099365,449,22,36.396977896523225,45,False
173.19159579277039,471,22,35.79703199987396,45,False
173.30155849456787,485,14,36.70967175009877,45,False
173.39741230010986,500,15,39.71788010455744,45,False
173.48789143562317,508,8,43.533779987499365,45,False
173.58821630477905,504,-4,45.573676612711424,45,False
173.69833827018738,514,10,47.87428850646242,45,False
173.79951357841492,100,-414,86.1556005144181,45,True
173.89904618263245,117,17,107.88697789816898,45,False
173.99759793281555,140,23,122.09713346348471,45,False
174.09395384788513,148,8,132.98679445719412,45,False
174.19766759872437,149,1,141.98572991677722,45,True
174.30129551887512,161,12,148.7453864830772,45,False
174.39768648147583,176,15,153.39556708066894,45,False
174.50803518295288,196,20,156.11254754182957,45,False
174.61044883728027,100,-96,163.38068276268157,45,True
174.69984030723572,106,6,168.69038947136258,45,True
174.80527186393738,116,10,171.57414577960165,45,True
174.89871978759766,130,14,171.86048847830034,45,True
175.0137917995453,152,22,170.12962704949425,45,False
175.1024830341339,171,19,165.50365554875216,45,False
175.19702100753784,193,22,157.60967609889946,45,False
175.3106129169464,211,18,146.66403785522886,45,False
175.39692664146423,211,0,131.81057431025783,45,False
175.49904322624207,216,5,112.16437714354767,45,False
175.5980417728424,219,3,86.63550080654004,45,False
175.69779920578003,218,-1,40.88459367536872,45,False
175.80458402633667,228,10,40.77486971162508,45,False
175.91010308265686,234,6,41.440167712015835,45,False
176.0104546546936,246,12,43.51146400662704,45,False
176.1053819656372,248,2,45.362401832354514,45,False
176.21171808242798,261,13,47.550262880451044,45,False
176.31492495536804,283,22,51.17115886903481,45,False
176.4084644317627,300,17,55.71308194670261,45,False
176.5183629989624,322,22,61.506808566206715,45,False
176.60860013961792,331,9,61.7831692291679,45,False
176.71735382080078,100,-231,62.3470127592333,45,True
176.80919313430786,117,17,62.264335698696726,45,False
176.90913200378418,139,22,61.64495113145926,45,False
177.009836435318,158,19,61.32707395596174,45,False
177.12474155426025,171,13,61.32707395596174,45,False
177.21196246147156,185,14,61.5295863792371,45,False
177.31373286247253,186,1,61.95020177529691,45,False
177.41492795944214,183,-3,62.421851142048006,45,False
177.52404260635376,195,12,62.61038252558437,45,False
177.61861038208008,216,21,62.607088256841976,45,False
177.71117901802063,230,14,62.680359762847566,45,False
177.82042384147644,100,-130,67.5410060629837,45,True
177.91533041000366,101,1,71.31717885614938,45,False
178.01630401611328,123,22,72.6859511872824,45,False
178.11831521987915,100,-23,74.66958885650837,45,False
178.21890926361084,122,22,74.20977024624183,45,False
178.32611918449402,145,23,70.94406247178125,45,False
178.42917346954346,141,-4,65.31069973595444,45,False
178.5236415863037,159,18,54.96717202112548,45,False
178.62759685516357,157,-2,38.54659518037877,45,False
178.7239420413971,171,14,36.88288898662902,45,False
178.83240604400635,188,17,36.47396331631648,45,False
178.92064332962036,190,2,36.80281918549175,45,False
179.02479767799377,211,21,38.36287267658667,45,False
179.12698459625244,223,12,40.47357162396222,45,False
179.230895280838,221,-2,42.0355801672821,45,False
179.32936477661133,227,6,43.82040050022364,45,False
179.43058228492737,234,7,45.927225041362995,45,False
179.537113904953,256,22,49.214708167376145,45,False
179.62971353530884,261,5,51.95575040358863,45,False
179.7157278060913,256,-5,53.54166601815823,45,False
179.83671140670776,275,19,54.163156296508426,45,False
179.92237091064453,289,14,54.55224559997508,45,False
180.0299370288849,299,10,56.00881627029802,45,False
